Posting Date,Description,Debit,Credit,Balance
09/04/2026,EBAY COMMERCE INC DES:PAYOUT ID:0901,,469.47,"84,680.02"
09/08/2026,EBAY COMMERCE INC DES:PAYOUT ID:0902+,,"2,510.41","87,190.43"
09/08/2026,SHOPGOODWILL.COM DES:SELLER PAYOUT ID:0906,,"10,888.78","98,079.21"
09/09/2026,EBAY COMMERCE INC DES:PAYOUT ID:0906,,802.43,"98,881.64"
09/10/2026,EBAY COMMERCE INC DES:PAYOUT ID:0907,,600.13,"99,481.77"
09/11/2026,EBAY COMMERCE INC DES:PAYOUT ID:0908,,561.03,"100,042.80"
09/14/2026,EBAY COMMERCE INC DES:PAYOUT ID:0909+,,"1,650.69","101,693.49"
09/15/2026,ADP PAYROLL DES:PAYROLL,"18,342.11",,"83,351.38"
09/15/2026,EBAY COMMERCE INC DES:PAYOUT ID:0912,,495.85,"83,847.23"
09/15/2026,SHOPGOODWILL.COM DES:SELLER PAYOUT ID:0913,,"15,318.93","99,166.16"
09/16/2026,EBAY COMMERCE INC DES:PAYOUT ID:0913,,782.64,"99,948.80"
09/17/2026,EBAY COMMERCE INC DES:PAYOUT ID:0914,,560.70,"100,509.50"
09/18/2026,AMAZON.COM SERVICES LLC DES:PAYMENTS ID:0914,,"4,090.98","104,600.48"
09/18/2026,EBAY COMMERCE INC DES:PAYOUT ID:0915,,692.47,"105,292.95"
09/21/2026,EBAY COMMERCE INC DES:PAYOUT ID:0916+,,"2,503.68","107,796.63"
09/22/2026,EBAY COMMERCE INC DES:PAYOUT ID:0919,,937.19,"108,733.82"
09/22/2026,SHOPGOODWILL.COM DES:SELLER PAYOUT ID:0920,,"13,299.24","122,033.06"
09/23/2026,EBAY COMMERCE INC DES:PAYOUT ID:0920,,469.63,"122,502.69"
09/24/2026,EBAY COMMERCE INC DES:PAYOUT ID:0921,,626.04,"123,128.73"
09/25/2026,EBAY COMMERCE INC DES:PAYOUT ID:0922,,463.09,"123,591.82"
09/28/2026,EBAY COMMERCE INC DES:PAYOUT ID:0923+,,"1,907.31","125,499.13"
09/29/2026,EBAY COMMERCE INC DES:PAYOUT ID:0926,,476.36,"125,975.49"
09/29/2026,SHOPGOODWILL.COM DES:SELLER PAYOUT ID:0927,,"13,707.02","139,682.51"
09/30/2026,EBAY COMMERCE INC DES:PAYOUT ID:0927,,538.20,"140,220.71"
09/30/2026,MONTHLY SERVICE CHARGE,25.00,,"140,195.71"
