"Includes Amazon Marketplace, Fulfillment by Amazon (FBA), and Amazon Webstore transactions"
"All amounts in USD, unless specified"
"Definitions:"
"Sales tax collected: Includes sales tax collected from buyers for product sales, shipping, and gift wrap."
"Selling fees: Includes variable closing fees and referral fees."
"Date range: Sep 1, 2026 12:00:00 AM PDT - Sep 20, 2026 11:59:59 PM PDT"

"date/time","settlement id","type","order id","sku","description","quantity","marketplace","fulfillment","order state","product sales","product sales tax","shipping credits","promotional rebates","marketplace withheld tax","selling fees","fba fees","other transaction fees","other","total"
"Sep 1, 2026 1:28:05 AM PDT","11843920571","Order","113-9880767-4510484","BK-0572","The Hobbit","1","amazon.com","Seller","MI","29.99","2.10","3.99","0","-2.10","-6.90","0","0","0","27.08"
"Sep 1, 2026 4:50:34 AM PDT","11843920571","Order","111-7402472-4289671","BK-3753","Harry Potter and the Sorcerer's Stone","1","amazon.com","Seller","WI","5.99","0.42","3.99","0","-0.42","-3.30","0","0","0","6.68"
"Sep 1, 2026 5:44:37 AM PDT","11843920571","Order","112-3902698-2647535","BK-3632","Harry Potter and the Sorcerer's Stone","1","amazon.com","Seller","FL","22.49","1.57","3.99","0","-1.57","-5.77","0","0","0","20.71"
"Sep 1, 2026 7:26:22 AM PDT","11843920571","Order","114-5690633-7856484","BK-2920","The Hobbit","1","amazon.com","Seller","MI","31.99","2.24","3.99","0","-2.24","-7.20","0","0","0","28.78"
"Sep 1, 2026 8:07:13 AM PDT","11843920571","Order","112-4938183-2009147","BK-0524","The Hobbit","1","amazon.com","Seller","CA","33.49","2.34","3.99","0","-2.34","-7.42","0","0","0","30.06"
"Sep 1, 2026 10:15:05 AM PDT","11843920571","Order","113-5851051-2522376","BK-3343","Becoming","1","amazon.com","Seller","WI","25.99","1.82","3.99","0","-1.82","-6.30","0","0","0","23.68"
"Sep 1, 2026 10:15:05 AM PDT","11843920571","Order","113-5851051-2522376","BK-0500","Calculus: Early Transcendentals 8th Ed","1","amazon.com","Seller","WI","31.99","2.24","3.99","0","-2.24","-7.20","0","0","0","28.78"
"Sep 1, 2026 2:32:56 PM PDT","11843920571","Order","114-8965891-9942545","BK-3953","Where the Crawdads Sing","1","amazon.com","Seller","CA","24.49","1.71","3.99","0","-1.71","-6.07","0","0","0","22.41"
"Sep 1, 2026 2:32:56 PM PDT","11843920571","Order","114-8965891-9942545","BK-0286","Harry Potter and the Sorcerer's Stone","1","amazon.com","Seller","CA","30.99","2.17","3.99","0","-2.17","-7.05","0","0","0","27.93"
"Sep 1, 2026 4:03:11 PM PDT","11843920571","Order","113-8773453-9395244","BK-3073","Becoming","1","amazon.com","Seller","TX","29.49","2.06","3.99","0","-2.06","-6.82","0","0","0","26.66"
"Sep 1, 2026 5:33:23 PM PDT","11843920571","Order","113-3318770-8136248","BK-3926","Atomic Habits","1","amazon.com","Seller","IL","12.49","0.87","3.99","0","-0.87","-4.27","0","0","0","12.21"
"Sep 1, 2026 6:26:56 PM PDT","11843920571","Order","111-2217869-1394892","BK-0834","Becoming","1","amazon.com","Seller","IL","33.49","2.34","3.99","0","-2.34","-7.42","0","0","0","30.06"
"Sep 1, 2026 6:49:57 PM PDT","11843920571","Order","111-4896975-2941364","BK-2491","Educated: A Memoir","1","amazon.com","Seller","FL","9.49","0.66","3.99","0","-0.66","-3.82","0","0","0","9.66"
"Sep 1, 2026 8:05:40 PM PDT","11843920571","Order","113-4417668-6133196","BK-1648","The Great Gatsby (Paperback)","1","amazon.com","Seller","IL","30.99","2.17","3.99","0","-2.17","-7.05","0","0","0","27.93"
"Sep 2, 2026 3:41:35 AM PDT","11843920571","Order","113-9661463-8584264","BK-1757","Where the Crawdads Sing","1","amazon.com","Seller","MI","11.99","0.84","3.99","0","-0.84","-4.20","0","0","0","11.78"
"Sep 2, 2026 3:41:35 AM PDT","11843920571","Order","113-9661463-8584264","BK-3629","Atomic Habits","1","amazon.com","Seller","MI","4.49","0.31","3.99","0","-0.31","-3.07","0","0","0","5.41"
"Sep 2, 2026 4:55:20 AM PDT","11843920571","Order","113-6401671-3888481","BK-2514","The Very Hungry Caterpillar (Board Book)","1","amazon.com","Seller","IL","12.99","0.91","3.99","0","-0.91","-4.35","0","0","0","12.63"
"Sep 2, 2026 6:52:41 AM PDT","11843920571","Order","112-1222846-9541993","BK-1099","The Very Hungry Caterpillar (Board Book)","1","amazon.com","Seller","WI","13.49","0.94","3.99","0","-0.94","-4.42","0","0","0","13.06"
"Sep 2, 2026 8:18:55 AM PDT","11843920571","Order","113-9101913-2552442","BK-0225","Educated: A Memoir","1","amazon.com","Seller","WI","26.49","1.85","3.99","0","-1.85","-6.37","0","0","0","24.11"
"Sep 2, 2026 11:11:27 AM PDT","11843920571","Order","114-9283098-5725206","BK-2815","Educated: A Memoir","1","amazon.com","Seller","WI","33.99","2.38","3.99","0","-2.38","-7.50","0","0","0","30.48"
"Sep 2, 2026 2:32:19 PM PDT","11843920571","Order","113-6940463-3312474","BK-0883","Calculus: Early Transcendentals 8th Ed","1","amazon.com","Seller","FL","8.99","0.63","3.99","0","-0.63","-3.75","0","0","0","9.23"
"Sep 2, 2026 3:06:02 PM PDT","11843920571","Order","112-2619193-9322485","BK-4932","Where the Crawdads Sing","1","amazon.com","Seller","IL","6.49","0.45","3.99","0","-0.45","-3.37","0","0","0","7.11"
"Sep 2, 2026 3:29:58 PM PDT","11843920571","Order","111-4150010-9250935","BK-4450","The Very Hungry Caterpillar (Board Book)","1","amazon.com","Seller","TX","4.49","0.31","3.99","0","-0.31","-3.07","0","0","0","5.41"
"Sep 2, 2026 4:36:16 PM PDT","11843920571","Order","114-5078319-2201999","BK-2445","The Hobbit","1","amazon.com","Seller","FL","19.99","1.40","3.99","0","-1.40","-5.40","0","0","0","18.58"
"Sep 2, 2026 5:18:59 PM PDT","11843920571","Order","111-3596450-6813132","BK-2272","Where the Crawdads Sing","1","amazon.com","Seller","IN","28.99","2.03","3.99","0","-2.03","-6.75","0","0","0","26.23"
"Sep 2, 2026 6:19:44 PM PDT","11843920571","Order","113-2500320-3814505","BK-2412","Becoming","1","amazon.com","Seller","CA","13.99","0.98","3.99","0","-0.98","-4.50","0","0","0","13.48"
"Sep 2, 2026 6:19:44 PM PDT","11843920571","Order","113-2500320-3814505","BK-1600","The Joy of Cooking (1997)","1","amazon.com","Seller","CA","25.49","1.78","3.99","0","-1.78","-6.22","0","0","0","23.26"
"Sep 2, 2026 6:34:58 PM PDT","11843920571","Order","114-2599954-9158206","BK-3194","Harry Potter and the Sorcerer's Stone","1","amazon.com","Seller","IN","33.99","2.38","3.99","0","-2.38","-7.50","0","0","0","30.48"
"Sep 2, 2026 6:49:05 PM PDT","11843920571","Order","112-6150718-5904884","BK-3925","Where the Crawdads Sing","1","amazon.com","Seller","FL","29.49","2.06","3.99","0","-2.06","-6.82","0","0","0","26.66"
"Sep 2, 2026 7:09:09 PM PDT","11843920571","Order","112-9358325-8654489","BK-4119","Becoming","1","amazon.com","Seller","OH","27.99","1.96","3.99","0","-1.96","-6.60","0","0","0","25.38"
"Sep 2, 2026 8:13:48 PM PDT","11843920571","Order","111-8973041-2024200","BK-4533","The Hobbit","1","amazon.com","Seller","WI","12.99","0.91","3.99","0","-0.91","-4.35","0","0","0","12.63"
"Sep 2, 2026 8:29:11 PM PDT","11843920571","Order","113-4373907-6485661","BK-2555","The Very Hungry Caterpillar (Board Book)","1","amazon.com","Seller","FL","8.99","0.63","3.99","0","-0.63","-3.75","0","0","0","9.23"
"Sep 3, 2026 4:05:05 AM PDT","11843920571","Order","112-9596752-4825691","BK-3279","Atomic Habits","1","amazon.com","Seller","IN","4.99","0.35","3.99","0","-0.35","-3.15","0","0","0","5.83"
"Sep 3, 2026 6:28:06 AM PDT","11843920571","Order","112-8836723-6708242","BK-1913","The Very Hungry Caterpillar (Board Book)","1","amazon.com","Seller","NY","19.49","1.36","3.99","0","-1.36","-5.32","0","0","0","18.16"
"Sep 3, 2026 7:04:32 AM PDT","11843920571","Order","112-6721510-7466642","BK-1776","Atomic Habits","1","amazon.com","Seller","MI","5.49","0.38","3.99","0","-0.38","-3.22","0","0","0","6.26"
"Sep 3, 2026 9:38:31 AM PDT","11843920571","Order","112-8130007-8752631","BK-1060","Calculus: Early Transcendentals 8th Ed","1","amazon.com","Seller","MI","27.49","1.92","3.99","0","-1.92","-6.52","0","0","0","24.96"
"Sep 3, 2026 10:39:48 AM PDT","11843920571","Order","114-1575740-9067193","BK-1637","Where the Crawdads Sing","1","amazon.com","Seller","PA","31.49","2.20","3.99","0","-2.20","-7.12","0","0","0","28.36"
"Sep 3, 2026 10:40:32 AM PDT","11843920571","Order","114-8515079-9827505","BK-2938","The Great Gatsby (Paperback)","1","amazon.com","Seller","IL","22.49","1.57","3.99","0","-1.57","-5.77","0","0","0","20.71"
"Sep 3, 2026 12:16:15 PM PDT","11843920571","Order","114-1714973-7676914","BK-3555","Atomic Habits","1","amazon.com","Seller","FL","17.99","1.26","3.99","0","-1.26","-5.10","0","0","0","16.88"
"Sep 3, 2026 2:59:22 PM PDT","11843920571","Order","113-6733625-7894522","BK-0112","Calculus: Early Transcendentals 8th Ed","1","amazon.com","Seller","FL","13.99","0.98","3.99","0","-0.98","-4.50","0","0","0","13.48"
"Sep 3, 2026 3:06:21 PM PDT","11843920571","Order","114-7299131-9056468","BK-2833","Calculus: Early Transcendentals 8th Ed","1","amazon.com","Seller","FL","23.49","1.64","3.99","0","-1.64","-5.92","0","0","0","21.56"
"Sep 3, 2026 4:32:19 PM PDT","11843920571","Order","111-4529067-3615765","BK-4374","Becoming","1","amazon.com","Seller","NY","8.49","0.59","3.99","0","-0.59","-3.67","0","0","0","8.81"
"Sep 3, 2026 5:00:22 PM PDT","11843920571","Order","112-2577014-2679281","BK-1818","The Hobbit","1","amazon.com","Seller","IL","7.99","0.56","3.99","0","-0.56","-3.60","0","0","0","8.38"
"Sep 3, 2026 5:53:12 PM PDT","11843920571","Order","111-7982316-8322407","BK-2427","The Great Gatsby (Paperback)","1","amazon.com","Seller","MI","7.99","0.56","3.99","0","-0.56","-3.60","0","0","0","8.38"
"Sep 3, 2026 6:27:34 PM PDT","11843920571","Order","114-5713908-9974841","BK-2182","Calculus: Early Transcendentals 8th Ed","1","amazon.com","Seller","IL","24.49","1.71","3.99","0","-1.71","-6.07","0","0","0","22.41"
"Sep 3, 2026 6:49:13 PM PDT","11843920571","Order","111-8593255-2189057","BK-1252","Calculus: Early Transcendentals 8th Ed","1","amazon.com","Seller","MI","25.49","1.78","3.99","0","-1.78","-6.22","0","0","0","23.26"
"Sep 3, 2026 7:31:45 PM PDT","11843920571","Order","111-5538629-8204692","BK-1657","Calculus: Early Transcendentals 8th Ed","1","amazon.com","Seller","IL","28.99","2.03","3.99","0","-2.03","-6.75","0","0","0","26.23"
"Sep 3, 2026 11:52:49 PM PDT","11843920571","Order","111-8516927-6536259","BK-1418","The Joy of Cooking (1997)","1","amazon.com","Seller","WI","18.99","1.33","3.99","0","-1.33","-5.25","0","0","0","17.73"
"Sep 4, 2026 7:26:31 AM PDT","11843920571","Order","113-6389465-7836277","BK-4786","The Hobbit","1","amazon.com","Seller","IL","22.99","1.61","3.99","0","-1.61","-5.85","0","0","0","21.13"
"Sep 4, 2026 9:07:46 AM PDT","11843920571","Order","111-4808639-1531702","BK-0811","The Very Hungry Caterpillar (Board Book)","1","amazon.com","Seller","IL","19.49","1.36","3.99","0","-1.36","-5.32","0","0","0","18.16"
"Sep 4, 2026 9:14:29 AM PDT","11843920571","Order","114-9905338-5229360","BK-0042","Harry Potter and the Sorcerer's Stone","1","amazon.com","Seller","OH","25.99","1.82","3.99","0","-1.82","-6.30","0","0","0","23.68"
"Sep 4, 2026 9:47:36 AM PDT","11843920571","Order","111-6274905-8977229","BK-3743","The Great Gatsby (Paperback)","1","amazon.com","Seller","PA","15.49","1.08","3.99","0","-1.08","-4.72","0","0","0","14.76"
"Sep 4, 2026 10:32:21 AM PDT","11843920571","Order","114-6311105-3067602","BK-3315","Atomic Habits","1","amazon.com","Seller","TX","30.49","2.13","3.99","0","-2.13","-6.97","0","0","0","27.51"
"Sep 4, 2026 10:32:21 AM PDT","11843920571","Order","114-6311105-3067602","BK-0792","The Joy of Cooking (1997)","1","amazon.com","Seller","TX","8.99","0.63","3.99","0","-0.63","-3.75","0","0","0","9.23"
"Sep 4, 2026 11:39:52 AM PDT","11843920571","Order","114-4446143-2987355","BK-4538","Atomic Habits","1","amazon.com","Seller","IN","24.99","1.75","3.99","0","-1.75","-6.15","0","0","0","22.83"
"Sep 4, 2026 2:46:42 PM PDT","11843920571","Order","114-9964447-9811238","BK-2562","The Great Gatsby (Paperback)","1","amazon.com","Seller","PA","28.99","2.03","3.99","0","-2.03","-6.75","0","0","0","26.23"
"Sep 4, 2026 3:35:22 PM PDT","11843920571","Order","112-4820527-5515810","BK-1383","The Joy of Cooking (1997)","1","amazon.com","Seller","FL","28.49","1.99","3.99","0","-1.99","-6.67","0","0","0","25.81"
"Sep 4, 2026 3:42:26 PM PDT","11843920571","Order","112-7642539-4638470","BK-0691","The Joy of Cooking (1997)","1","amazon.com","Seller","OH","20.99","1.47","3.99","0","-1.47","-5.55","0","0","0","19.43"
"Sep 4, 2026 3:48:32 PM PDT","11843920571","Order","112-7013132-4504187","BK-1439","Where the Crawdads Sing","1","amazon.com","Seller","IN","10.99","0.77","3.99","0","-0.77","-4.05","0","0","0","10.93"
"Sep 4, 2026 4:01:38 PM PDT","11843920571","Order","111-7403538-9356698","BK-2507","Where the Crawdads Sing","1","amazon.com","Seller","FL","24.49","1.71","3.99","0","-1.71","-6.07","0","0","0","22.41"
"Sep 4, 2026 4:57:13 PM PDT","11843920571","Order","113-5569168-6494314","BK-2387","Atomic Habits","1","amazon.com","Seller","OH","8.49","0.59","3.99","0","-0.59","-3.67","0","0","0","8.81"
"Sep 4, 2026 5:20:26 PM PDT","11843920571","Order","113-1796993-8924158","BK-4989","Educated: A Memoir","1","amazon.com","Seller","TX","12.49","0.87","3.99","0","-0.87","-4.27","0","0","0","12.21"
"Sep 4, 2026 6:17:27 PM PDT","11843920571","Order","113-8381198-2126902","BK-1484","The Great Gatsby (Paperback)","1","amazon.com","Seller","WI","34.49","2.41","3.99","0","-2.41","-7.57","0","0","0","30.91"
"Sep 4, 2026 7:18:55 PM PDT","11843920571","Order","114-7387432-5321665","BK-0308","Educated: A Memoir","1","amazon.com","Seller","IL","15.49","1.08","3.99","0","-1.08","-4.72","0","0","0","14.76"
"Sep 4, 2026 7:36:09 PM PDT","11843920571","Order","111-2893076-4334138","BK-4066","Where the Crawdads Sing","1","amazon.com","Seller","OH","8.49","0.59","3.99","0","-0.59","-3.67","0","0","0","8.81"
"Sep 5, 2026 2:47:24 AM PDT","11843920571","Order","111-7781186-6302481","BK-4987","The Hobbit","1","amazon.com","Seller","FL","31.99","2.24","3.99","0","-2.24","-7.20","0","0","0","28.78"
"Sep 5, 2026 4:51:42 AM PDT","11843920571","Order","112-3559371-2172013","BK-0166","Atomic Habits","1","amazon.com","Seller","TX","12.49","0.87","3.99","0","-0.87","-4.27","0","0","0","12.21"
"Sep 5, 2026 6:05:58 AM PDT","11843920571","Order","112-8088128-2519140","BK-0888","The Joy of Cooking (1997)","1","amazon.com","Seller","IL","18.99","1.33","3.99","0","-1.33","-5.25","0","0","0","17.73"
"Sep 5, 2026 6:17:34 AM PDT","11843920571","Order","114-3345974-8099308","BK-2037","The Very Hungry Caterpillar (Board Book)","1","amazon.com","Seller","FL","22.99","1.61","3.99","0","-1.61","-5.85","0","0","0","21.13"
"Sep 5, 2026 7:08:14 AM PDT","11843920571","Order","114-9142308-1775928","BK-0220","Atomic Habits","1","amazon.com","Seller","CA","15.99","1.12","3.99","0","-1.12","-4.80","0","0","0","15.18"
"Sep 5, 2026 8:09:22 AM PDT","11843920571","Order","112-3300089-8322705","BK-4945","The Joy of Cooking (1997)","1","amazon.com","Seller","OH","29.49","2.06","3.99","0","-2.06","-6.82","0","0","0","26.66"
"Sep 5, 2026 1:41:10 PM PDT","11843920571","Order","111-9514347-8016003","BK-0671","Becoming","1","amazon.com","Seller","WI","13.49","0.94","3.99","0","-0.94","-4.42","0","0","0","13.06"
"Sep 5, 2026 1:56:56 PM PDT","11843920571","Order","113-6748373-9703359","BK-3127","Harry Potter and the Sorcerer's Stone","1","amazon.com","Seller","IN","18.49","1.29","3.99","0","-1.29","-5.17","0","0","0","17.31"
"Sep 5, 2026 4:32:20 PM PDT","11843920571","Order","111-3577273-9791531","BK-1291","Harry Potter and the Sorcerer's Stone","1","amazon.com","Seller","PA","25.49","1.78","3.99","0","-1.78","-6.22","0","0","0","23.26"
"Sep 5, 2026 5:10:08 PM PDT","11843920571","Order","113-9385053-9352423","BK-0169","The Joy of Cooking (1997)","1","amazon.com","Seller","TX","8.49","0.59","3.99","0","-0.59","-3.67","0","0","0","8.81"
"Sep 6, 2026 4:13:08 AM PDT","11843920571","Order","114-3764962-6387946","BK-2989","The Hobbit","1","amazon.com","Seller","FL","17.49","1.22","3.99","0","-1.22","-5.02","0","0","0","16.46"
"Sep 6, 2026 4:17:09 AM PDT","11843920571","Order","112-3146213-4165989","BK-0634","Becoming","1","amazon.com","Seller","PA","34.49","2.41","3.99","0","-2.41","-7.57","0","0","0","30.91"
"Sep 6, 2026 4:34:59 AM PDT","11843920571","Order","113-1709530-9362899","BK-4249","The Joy of Cooking (1997)","1","amazon.com","Seller","FL","22.49","1.57","3.99","0","-1.57","-5.77","0","0","0","20.71"
"Sep 6, 2026 7:37:43 AM PDT","11843920571","Order","111-4784209-6969497","BK-3366","The Hobbit","1","amazon.com","Seller","MI","8.49","0.59","3.99","0","-0.59","-3.67","0","0","0","8.81"
"Sep 6, 2026 9:12:33 AM PDT","11843920571","Order","111-4652065-1145115","BK-1971","The Very Hungry Caterpillar (Board Book)","1","amazon.com","Seller","FL","15.49","1.08","3.99","0","-1.08","-4.72","0","0","0","14.76"
"Sep 6, 2026 9:12:33 AM PDT","11843920571","Order","111-4652065-1145115","BK-1749","The Very Hungry Caterpillar (Board Book)","1","amazon.com","Seller","FL","10.99","0.77","3.99","0","-0.77","-4.05","0","0","0","10.93"
"Sep 6, 2026 9:21:22 AM PDT","11843920571","Order","113-4820459-8640474","BK-1412","Atomic Habits","1","amazon.com","Seller","PA","29.99","2.10","3.99","0","-2.10","-6.90","0","0","0","27.08"
"Sep 6, 2026 10:33:58 AM PDT","11843920571","Order","113-6155834-5409053","BK-3246","Where the Crawdads Sing","1","amazon.com","Seller","FL","24.99","1.75","3.99","0","-1.75","-6.15","0","0","0","22.83"
"Sep 6, 2026 11:29:46 AM PDT","11843920571","Order","114-7111459-7514945","BK-1640","Calculus: Early Transcendentals 8th Ed","1","amazon.com","Seller","IN","18.49","1.29","3.99","0","-1.29","-5.17","0","0","0","17.31"
"Sep 6, 2026 12:00:30 PM PDT","11843920571","Order","114-9508761-8736434","BK-4705","The Joy of Cooking (1997)","1","amazon.com","Seller","CA","20.99","1.47","3.99","0","-1.47","-5.55","0","0","0","19.43"
"Sep 6, 2026 1:51:15 PM PDT","11843920571","Order","114-3733575-4486711","BK-4225","The Great Gatsby (Paperback)","1","amazon.com","Seller","NY","28.49","1.99","3.99","0","-1.99","-6.67","0","0","0","25.81"
"Sep 6, 2026 3:41:27 PM PDT","11843920571","Order","112-3478920-6335710","BK-2221","Where the Crawdads Sing","1","amazon.com","Seller","IN","33.49","2.34","3.99","0","-2.34","-7.42","0","0","0","30.06"
"Sep 6, 2026 4:57:43 PM PDT","11843920571","Order","111-2266902-4562413","BK-4090","Where the Crawdads Sing","1","amazon.com","Seller","IN","8.49","0.59","3.99","0","-0.59","-3.67","0","0","0","8.81"
"Sep 6, 2026 5:44:59 PM PDT","11843920571","Order","111-2379814-8474787","BK-0104","Educated: A Memoir","1","amazon.com","Seller","CA","25.99","1.82","3.99","0","-1.82","-6.30","0","0","0","23.68"
"Sep 6, 2026 6:13:26 PM PDT","11843920571","Order","111-1465557-8739187","BK-0007","The Very Hungry Caterpillar (Board Book)","1","amazon.com","Seller","NY","28.49","1.99","3.99","0","-1.99","-6.67","0","0","0","25.81"
"Sep 6, 2026 6:13:26 PM PDT","11843920571","Order","111-1465557-8739187","BK-0498","Becoming","1","amazon.com","Seller","NY","29.49","2.06","3.99","0","-2.06","-6.82","0","0","0","26.66"
"Sep 6, 2026 6:51:24 PM PDT","11843920571","Order","114-6079216-4278282","BK-3049","Atomic Habits","1","amazon.com","Seller","OH","26.99","1.89","3.99","0","-1.89","-6.45","0","0","0","24.53"
"Sep 6, 2026 7:10:47 PM PDT","11843920571","Order","112-1213169-3577508","BK-4762","Educated: A Memoir","1","amazon.com","Seller","IN","11.49","0.80","3.99","0","-0.80","-4.12","0","0","0","11.36"
"Sep 6, 2026 7:11:47 PM PDT","11843920571","Order","112-7662910-3443375","BK-1525","The Joy of Cooking (1997)","1","amazon.com","Seller","OH","27.99","1.96","3.99","0","-1.96","-6.60","0","0","0","25.38"
"Sep 6, 2026 7:54:29 PM PDT","11843920571","Order","112-4419968-2060043","BK-1327","Atomic Habits","1","amazon.com","Seller","WI","20.99","1.47","3.99","0","-1.47","-5.55","0","0","0","19.43"
"Sep 7, 2026 5:41:34 AM PDT","11843920571","Order","114-8829328-2231720","BK-0222","Educated: A Memoir","1","amazon.com","Seller","MI","28.49","1.99","3.99","0","-1.99","-6.67","0","0","0","25.81"
"Sep 7, 2026 7:23:45 AM PDT","11843920571","Order","111-9755718-6080807","BK-1518","The Hobbit","1","amazon.com","Seller","OH","21.99","1.54","3.99","0","-1.54","-5.70","0","0","0","20.28"
"Sep 7, 2026 8:03:05 AM PDT","11843920571","Order","111-6644989-7322175","BK-0774","The Great Gatsby (Paperback)","1","amazon.com","Seller","OH","19.49","1.36","3.99","0","-1.36","-5.32","0","0","0","18.16"
"Sep 7, 2026 12:11:48 PM PDT","11843920571","Order","113-2508849-9327673","BK-3859","Where the Crawdads Sing","1","amazon.com","Seller","PA","17.49","1.22","3.99","0","-1.22","-5.02","0","0","0","16.46"
"Sep 7, 2026 12:11:48 PM PDT","11843920571","Order","113-2508849-9327673","BK-3952","Calculus: Early Transcendentals 8th Ed","1","amazon.com","Seller","PA","8.49","0.59","3.99","0","-0.59","-3.67","0","0","0","8.81"
"Sep 7, 2026 12:41:51 PM PDT","11843920571","Order","111-7041052-7894087","BK-0770","Atomic Habits","1","amazon.com","Seller","PA","7.49","0.52","3.99","0","-0.52","-3.52","0","0","0","7.96"
"Sep 7, 2026 4:20:56 PM PDT","11843920571","Order","112-6540435-9842224","BK-1558","The Hobbit","1","amazon.com","Seller","FL","22.99","1.61","3.99","0","-1.61","-5.85","0","0","0","21.13"
"Sep 7, 2026 4:37:35 PM PDT","11843920571","Order","114-6957673-6809141","BK-0965","The Very Hungry Caterpillar (Board Book)","1","amazon.com","Seller","IL","29.99","2.10","3.99","0","-2.10","-6.90","0","0","0","27.08"
"Sep 7, 2026 5:24:20 PM PDT","11843920571","Order","112-8005611-5615451","BK-1041","Atomic Habits","1","amazon.com","Seller","TX","6.49","0.45","3.99","0","-0.45","-3.37","0","0","0","7.11"
"Sep 7, 2026 6:13:16 PM PDT","11843920571","Order","112-1117080-7666608","BK-3385","Harry Potter and the Sorcerer's Stone","1","amazon.com","Seller","FL","7.99","0.56","3.99","0","-0.56","-3.60","0","0","0","8.38"
"Sep 7, 2026 6:50:15 PM PDT","11843920571","Order","113-4764247-7763793","BK-3366","The Hobbit","1","amazon.com","Seller","PA","19.99","1.40","3.99","0","-1.40","-5.40","0","0","0","18.58"
"Sep 7, 2026 6:50:15 PM PDT","11843920571","Order","113-4764247-7763793","BK-3441","The Hobbit","1","amazon.com","Seller","PA","12.99","0.91","3.99","0","-0.91","-4.35","0","0","0","12.63"
"Sep 7, 2026 7:41:07 PM PDT","11843920571","Order","112-1872480-7676805","BK-2388","Atomic Habits","1","amazon.com","Seller","CA","34.99","2.45","3.99","0","-2.45","-7.65","0","0","0","31.33"
"Sep 7, 2026 8:52:03 PM PDT","11843920571","Order","114-1306398-6139114","BK-4629","The Hobbit","1","amazon.com","Seller","IN","25.49","1.78","3.99","0","-1.78","-6.22","0","0","0","23.26"
"Sep 8, 2026 3:52:54 AM PDT","11843920571","Order","112-8619347-7006223","BK-3501","The Great Gatsby (Paperback)","1","amazon.com","Seller","FL","31.49","2.20","3.99","0","-2.20","-7.12","0","0","0","28.36"
"Sep 8, 2026 7:05:27 AM PDT","11843920571","Order","114-9470081-3176906","BK-0998","Atomic Habits","1","amazon.com","Seller","NY","17.99","1.26","3.99","0","-1.26","-5.10","0","0","0","16.88"
"Sep 8, 2026 8:47:42 AM PDT","11843920571","Order","113-1974635-6197564","BK-0073","Where the Crawdads Sing","1","amazon.com","Seller","MI","15.99","1.12","3.99","0","-1.12","-4.80","0","0","0","15.18"
"Sep 8, 2026 10:20:00 AM PDT","11843920571","Refund","113-5501842-7720931","BK-0420","The Hobbit","1","amazon.com","Seller","IN","-32.99","-2.31","-3.99","0","2.31","0.00","0","0","0","-36.98"
"Sep 8, 2026 11:38:26 AM PDT","11843920571","Order","113-2146842-8445621","BK-4216","Where the Crawdads Sing","1","amazon.com","Seller","FL","9.49","0.66","3.99","0","-0.66","-3.82","0","0","0","9.66"
"Sep 8, 2026 2:03:43 PM PDT","11843920571","Order","114-6745966-1738131","BK-2766","Atomic Habits","1","amazon.com","Seller","TX","21.99","1.54","3.99","0","-1.54","-5.70","0","0","0","20.28"
"Sep 8, 2026 2:15:15 PM PDT","11843920571","Order","113-6009875-2399200","BK-1139","Harry Potter and the Sorcerer's Stone","1","amazon.com","Seller","IN","16.49","1.15","3.99","0","-1.15","-4.87","0","0","0","15.61"
"Sep 8, 2026 2:45:27 PM PDT","11843920571","Order","112-9644048-3712443","BK-0106","The Great Gatsby (Paperback)","1","amazon.com","Seller","WI","16.99","1.19","3.99","0","-1.19","-4.95","0","0","0","16.03"
"Sep 8, 2026 3:32:15 PM PDT","11843920571","Order","111-3056542-8919378","BK-0864","The Very Hungry Caterpillar (Board Book)","1","amazon.com","Seller","PA","15.49","1.08","3.99","0","-1.08","-4.72","0","0","0","14.76"
"Sep 8, 2026 4:25:21 PM PDT","11843920571","Order","114-9736629-6459444","BK-4554","Becoming","1","amazon.com","Seller","CA","5.49","0.38","3.99","0","-0.38","-3.22","0","0","0","6.26"
"Sep 8, 2026 4:34:49 PM PDT","11843920571","Order","114-7638525-5644945","BK-3297","Becoming","1","amazon.com","Seller","TX","29.99","2.10","3.99","0","-2.10","-6.90","0","0","0","27.08"
"Sep 8, 2026 5:42:45 PM PDT","11843920571","Order","112-1453937-2250321","BK-1307","Becoming","1","amazon.com","Seller","FL","7.49","0.52","3.99","0","-0.52","-3.52","0","0","0","7.96"
"Sep 8, 2026 6:12:27 PM PDT","11843920571","Order","111-9731380-4511356","BK-4166","Calculus: Early Transcendentals 8th Ed","1","amazon.com","Seller","FL","5.49","0.38","3.99","0","-0.38","-3.22","0","0","0","6.26"
"Sep 8, 2026 8:08:12 PM PDT","11843920571","Order","113-6266458-2303521","BK-1237","The Hobbit","1","amazon.com","Seller","WI","8.99","0.63","3.99","0","-0.63","-3.75","0","0","0","9.23"
"Sep 9, 2026 5:30:27 AM PDT","11843920571","Order","112-8499574-5785035","BK-3633","Where the Crawdads Sing","1","amazon.com","Seller","CA","15.49","1.08","3.99","0","-1.08","-4.72","0","0","0","14.76"
"Sep 9, 2026 5:33:14 AM PDT","11843920571","Order","113-1026406-1868068","BK-0742","Where the Crawdads Sing","1","amazon.com","Seller","OH","13.49","0.94","3.99","0","-0.94","-4.42","0","0","0","13.06"
"Sep 9, 2026 7:31:11 AM PDT","11843920571","Order","112-3738843-4803364","BK-3564","Educated: A Memoir","1","amazon.com","Seller","OH","19.49","1.36","3.99","0","-1.36","-5.32","0","0","0","18.16"
"Sep 9, 2026 9:31:09 AM PDT","11843920571","Order","111-3630971-2921134","BK-4192","The Great Gatsby (Paperback)","1","amazon.com","Seller","IL","33.49","2.34","3.99","0","-2.34","-7.42","0","0","0","30.06"
"Sep 9, 2026 10:21:41 AM PDT","11843920571","Order","113-3525410-7179536","BK-0058","Atomic Habits","1","amazon.com","Seller","IL","32.99","2.31","3.99","0","-2.31","-7.35","0","0","0","29.63"
"Sep 9, 2026 11:13:24 AM PDT","11843920571","Order","114-3247879-7310447","BK-1618","The Hobbit","1","amazon.com","Seller","WI","32.99","2.31","3.99","0","-2.31","-7.35","0","0","0","29.63"
"Sep 9, 2026 5:02:32 PM PDT","11843920571","Order","112-9761518-3397423","BK-3385","Atomic Habits","1","amazon.com","Seller","CA","4.49","0.31","3.99","0","-0.31","-3.07","0","0","0","5.41"
"Sep 9, 2026 5:08:32 PM PDT","11843920571","Order","111-5975657-1514571","BK-1542","Becoming","1","amazon.com","Seller","OH","30.99","2.17","3.99","0","-2.17","-7.05","0","0","0","27.93"
"Sep 9, 2026 6:34:03 PM PDT","11843920571","Order","113-4638594-9822399","BK-1014","Calculus: Early Transcendentals 8th Ed","1","amazon.com","Seller","TX","32.99","2.31","3.99","0","-2.31","-7.35","0","0","0","29.63"
"Sep 9, 2026 6:53:53 PM PDT","11843920571","Order","111-7495051-4782698","BK-2445","The Hobbit","1","amazon.com","Seller","IL","19.49","1.36","3.99","0","-1.36","-5.32","0","0","0","18.16"
"Sep 9, 2026 6:53:53 PM PDT","11843920571","Order","111-7495051-4782698","BK-0875","Calculus: Early Transcendentals 8th Ed","1","amazon.com","Seller","IL","15.99","1.12","3.99","0","-1.12","-4.80","0","0","0","15.18"
"Sep 9, 2026 7:54:01 PM PDT","11843920571","Order","113-8884027-1392223","BK-2313","The Great Gatsby (Paperback)","1","amazon.com","Seller","PA","30.49","2.13","3.99","0","-2.13","-6.97","0","0","0","27.51"
"Sep 10, 2026 7:14:59 AM PDT","11843920571","Order","114-4687120-9746958","BK-4012","The Very Hungry Caterpillar (Board Book)","1","amazon.com","Seller","CA","34.49","2.41","3.99","0","-2.41","-7.57","0","0","0","30.91"
"Sep 10, 2026 7:14:59 AM PDT","11843920571","Order","114-4687120-9746958","BK-2758","Atomic Habits","1","amazon.com","Seller","CA","15.49","1.08","3.99","0","-1.08","-4.72","0","0","0","14.76"
"Sep 10, 2026 9:20:13 AM PDT","11843920571","Order","114-9398186-9206556","BK-1715","Atomic Habits","1","amazon.com","Seller","MI","32.99","2.31","3.99","0","-2.31","-7.35","0","0","0","29.63"
"Sep 10, 2026 10:22:02 AM PDT","11843920571","Order","112-5986762-8004590","BK-4495","Becoming","1","amazon.com","Seller","NY","19.99","1.40","3.99","0","-1.40","-5.40","0","0","0","18.58"
"Sep 10, 2026 12:19:03 PM PDT","11843920571","Order","114-1987070-3179106","BK-0991","The Great Gatsby (Paperback)","1","amazon.com","Seller","FL","33.49","2.34","3.99","0","-2.34","-7.42","0","0","0","30.06"
"Sep 10, 2026 1:44:27 PM PDT","11843920571","Order","113-5130170-4298321","BK-3599","Where the Crawdads Sing","1","amazon.com","Seller","WI","28.99","2.03","3.99","0","-2.03","-6.75","0","0","0","26.23"
"Sep 10, 2026 2:50:10 PM PDT","11843920571","Order","114-5464546-2348894","BK-2815","Where the Crawdads Sing","1","amazon.com","Seller","WI","12.49","0.87","3.99","0","-0.87","-4.27","0","0","0","12.21"
"Sep 10, 2026 3:04:51 PM PDT","11843920571","Order","112-6019646-2502765","BK-3082","The Great Gatsby (Paperback)","1","amazon.com","Seller","IN","23.49","1.64","3.99","0","-1.64","-5.92","0","0","0","21.56"
"Sep 10, 2026 3:46:25 PM PDT","11843920571","Order","112-9271796-2743524","BK-4629","The Hobbit","1","amazon.com","Seller","OH","7.99","0.56","3.99","0","-0.56","-3.60","0","0","0","8.38"
"Sep 10, 2026 5:02:57 PM PDT","11843920571","Order","112-2691927-1161707","BK-3886","The Very Hungry Caterpillar (Board Book)","1","amazon.com","Seller","PA","27.99","1.96","3.99","0","-1.96","-6.60","0","0","0","25.38"
"Sep 10, 2026 5:02:57 PM PDT","11843920571","Order","112-2691927-1161707","BK-4387","Becoming","1","amazon.com","Seller","PA","19.49","1.36","3.99","0","-1.36","-5.32","0","0","0","18.16"
"Sep 10, 2026 5:39:43 PM PDT","11843920571","Order","114-8590121-3343655","BK-1177","The Great Gatsby (Paperback)","1","amazon.com","Seller","TX","31.49","2.20","3.99","0","-2.20","-7.12","0","0","0","28.36"
"Sep 10, 2026 6:52:49 PM PDT","11843920571","Order","113-4778179-5025830","BK-0660","Atomic Habits","1","amazon.com","Seller","IN","24.99","1.75","3.99","0","-1.75","-6.15","0","0","0","22.83"
"Sep 10, 2026 7:40:59 PM PDT","11843920571","Order","114-9436005-5874070","BK-0764","Where the Crawdads Sing","1","amazon.com","Seller","TX","19.49","1.36","3.99","0","-1.36","-5.32","0","0","0","18.16"
"Sep 10, 2026 7:56:32 PM PDT","11843920571","Order","111-7421593-5231313","BK-3731","Atomic Habits","1","amazon.com","Seller","FL","7.49","0.52","3.99","0","-0.52","-3.52","0","0","0","7.96"
"Sep 10, 2026 8:20:37 PM PDT","11843920571","Order","113-7689597-3006410","BK-3675","Atomic Habits","1","amazon.com","Seller","CA","6.49","0.45","3.99","0","-0.45","-3.37","0","0","0","7.11"
"Sep 11, 2026 4:40:46 AM PDT","11843920571","Order","113-8975686-9098661","BK-3811","The Joy of Cooking (1997)","1","amazon.com","Seller","CA","14.49","1.01","3.99","0","-1.01","-4.57","0","0","0","13.91"
"Sep 11, 2026 4:49:12 AM PDT","11843920571","Order","112-1558636-7922256","BK-1442","The Joy of Cooking (1997)","1","amazon.com","Seller","FL","18.99","1.33","3.99","0","-1.33","-5.25","0","0","0","17.73"
"Sep 11, 2026 5:46:58 AM PDT","11843920571","Order","114-5637909-9394160","BK-4245","Where the Crawdads Sing","1","amazon.com","Seller","MI","25.99","1.82","3.99","0","-1.82","-6.30","0","0","0","23.68"
"Sep 11, 2026 9:20:45 AM PDT","11843920571","Order","114-8403893-2591150","BK-1336","The Very Hungry Caterpillar (Board Book)","1","amazon.com","Seller","CA","16.99","1.19","3.99","0","-1.19","-4.95","0","0","0","16.03"
"Sep 11, 2026 10:39:43 AM PDT","11843920571","Order","111-4651328-3875373","BK-2496","The Hobbit","1","amazon.com","Seller","FL","9.49","0.66","3.99","0","-0.66","-3.82","0","0","0","9.66"
"Sep 11, 2026 11:55:49 AM PDT","11843920571","Order","112-8659309-2263677","BK-4916","The Very Hungry Caterpillar (Board Book)","1","amazon.com","Seller","IN","22.49","1.57","3.99","0","-1.57","-5.77","0","0","0","20.71"
"Sep 11, 2026 2:36:08 PM PDT","11843920571","Order","113-3454985-6510415","BK-2191","Calculus: Early Transcendentals 8th Ed","1","amazon.com","Seller","TX","11.49","0.80","3.99","0","-0.80","-4.12","0","0","0","11.36"
"Sep 11, 2026 4:04:50 PM PDT","11843920571","Order","111-3788513-7919312","BK-1939","Atomic Habits","1","amazon.com","Seller","OH","31.99","2.24","3.99","0","-2.24","-7.20","0","0","0","28.78"
"Sep 11, 2026 4:21:58 PM PDT","11843920571","Order","112-8498063-3302030","BK-1509","The Joy of Cooking (1997)","1","amazon.com","Seller","NY","25.99","1.82","3.99","0","-1.82","-6.30","0","0","0","23.68"
"Sep 11, 2026 4:21:58 PM PDT","11843920571","Order","112-8498063-3302030","BK-4489","The Joy of Cooking (1997)","1","amazon.com","Seller","NY","14.99","1.05","3.99","0","-1.05","-4.65","0","0","0","14.33"
"Sep 11, 2026 5:17:29 PM PDT","11843920571","Order","113-1538846-1704662","BK-2944","Educated: A Memoir","1","amazon.com","Seller","PA","28.49","1.99","3.99","0","-1.99","-6.67","0","0","0","25.81"
"Sep 11, 2026 9:02:06 PM PDT","11843920571","Order","112-7751708-8824006","BK-2039","Becoming","1","amazon.com","Seller","TX","23.49","1.64","3.99","0","-1.64","-5.92","0","0","0","21.56"
"Sep 12, 2026 6:09:02 AM PDT","11843920571","Order","113-6379044-5520915","BK-0063","Educated: A Memoir","1","amazon.com","Seller","FL","18.49","1.29","3.99","0","-1.29","-5.17","0","0","0","17.31"
"Sep 12, 2026 6:13:11 AM PDT","11843920571","Order","112-6846124-5466867","BK-4697","Becoming","1","amazon.com","Seller","OH","15.49","1.08","3.99","0","-1.08","-4.72","0","0","0","14.76"
"Sep 12, 2026 6:25:23 AM PDT","11843920571","Order","114-9823466-4877296","BK-0086","The Hobbit","1","amazon.com","Seller","FL","33.49","2.34","3.99","0","-2.34","-7.42","0","0","0","30.06"
"Sep 12, 2026 7:13:28 AM PDT","11843920571","Order","111-6406855-2755925","BK-3342","Calculus: Early Transcendentals 8th Ed","1","amazon.com","Seller","CA","7.99","0.56","3.99","0","-0.56","-3.60","0","0","0","8.38"
"Sep 12, 2026 8:24:55 AM PDT","11843920571","Order","113-2506824-7493738","BK-0526","The Joy of Cooking (1997)","1","amazon.com","Seller","NY","30.49","2.13","3.99","0","-2.13","-6.97","0","0","0","27.51"
"Sep 12, 2026 11:10:44 AM PDT","11843920571","Order","111-4095014-9174731","BK-1340","The Very Hungry Caterpillar (Board Book)","1","amazon.com","Seller","CA","21.99","1.54","3.99","0","-1.54","-5.70","0","0","0","20.28"
"Sep 12, 2026 11:42:27 AM PDT","11843920571","Order","114-8455085-9084174","BK-1761","The Joy of Cooking (1997)","1","amazon.com","Seller","FL","28.49","1.99","3.99","0","-1.99","-6.67","0","0","0","25.81"
"Sep 12, 2026 12:42:00 PM PDT","11843920571","Order","114-2747161-4206931","BK-1051","The Joy of Cooking (1997)","1","amazon.com","Seller","FL","16.49","1.15","3.99","0","-1.15","-4.87","0","0","0","15.61"
"Sep 12, 2026 1:13:46 PM PDT","11843920571","Order","111-5040714-3317580","BK-1319","The Great Gatsby (Paperback)","1","amazon.com","Seller","FL","24.99","1.75","3.99","0","-1.75","-6.15","0","0","0","22.83"
"Sep 12, 2026 3:46:13 PM PDT","11843920571","Order","114-4753207-2628954","BK-1656","The Great Gatsby (Paperback)","1","amazon.com","Seller","FL","16.49","1.15","3.99","0","-1.15","-4.87","0","0","0","15.61"
"Sep 12, 2026 4:55:34 PM PDT","11843920571","Order","114-7048052-8998519","BK-4498","Calculus: Early Transcendentals 8th Ed","1","amazon.com","Seller","IL","7.99","0.56","3.99","0","-0.56","-3.60","0","0","0","8.38"
"Sep 12, 2026 5:03:28 PM PDT","11843920571","Order","112-4497377-2210223","BK-4835","Calculus: Early Transcendentals 8th Ed","1","amazon.com","Seller","IL","11.49","0.80","3.99","0","-0.80","-4.12","0","0","0","11.36"
"Sep 12, 2026 6:31:53 PM PDT","11843920571","Order","112-4531306-1044556","BK-3977","The Great Gatsby (Paperback)","1","amazon.com","Seller","FL","26.49","1.85","3.99","0","-1.85","-6.37","0","0","0","24.11"
"Sep 12, 2026 6:47:50 PM PDT","11843920571","Order","114-4619643-2202540","BK-4721","The Hobbit","1","amazon.com","Seller","MI","5.49","0.38","3.99","0","-0.38","-3.22","0","0","0","6.26"
"Sep 12, 2026 6:49:29 PM PDT","11843920571","Order","112-4948235-9460527","BK-3895","Becoming","1","amazon.com","Seller","WI","31.99","2.24","3.99","0","-2.24","-7.20","0","0","0","28.78"
"Sep 12, 2026 7:26:33 PM PDT","11843920571","Order","114-7368079-3722387","BK-4738","Educated: A Memoir","1","amazon.com","Seller","CA","32.49","2.27","3.99","0","-2.27","-7.27","0","0","0","29.21"
"Sep 12, 2026 8:02:42 PM PDT","11843920571","Order","111-9271395-4328438","BK-3725","Atomic Habits","1","amazon.com","Seller","FL","34.99","2.45","3.99","0","-2.45","-7.65","0","0","0","31.33"
"Sep 12, 2026 9:05:12 PM PDT","11843920571","Order","112-6807426-5644498","BK-3544","Educated: A Memoir","1","amazon.com","Seller","OH","4.99","0.35","3.99","0","-0.35","-3.15","0","0","0","5.83"
"Sep 12, 2026 9:57:35 PM PDT","11843920571","Order","113-6191970-1561202","BK-0520","The Joy of Cooking (1997)","1","amazon.com","Seller","NY","20.99","1.47","3.99","0","-1.47","-5.55","0","0","0","19.43"
"Sep 13, 2026 4:57:15 AM PDT","11843920571","Order","111-4685981-2088644","BK-4499","Atomic Habits","1","amazon.com","Seller","FL","17.99","1.26","3.99","0","-1.26","-5.10","0","0","0","16.88"
"Sep 13, 2026 6:46:51 AM PDT","11843920571","Order","114-1774449-1869370","BK-4289","The Very Hungry Caterpillar (Board Book)","1","amazon.com","Seller","CA","8.99","0.63","3.99","0","-0.63","-3.75","0","0","0","9.23"
"Sep 13, 2026 7:18:45 AM PDT","11843920571","Order","111-5418388-6101642","BK-2288","The Hobbit","1","amazon.com","Seller","WI","26.49","1.85","3.99","0","-1.85","-6.37","0","0","0","24.11"
"Sep 13, 2026 7:29:12 AM PDT","11843920571","Order","113-5150021-1688070","BK-2988","The Hobbit","1","amazon.com","Seller","WI","32.49","2.27","3.99","0","-2.27","-7.27","0","0","0","29.21"
"Sep 13, 2026 11:07:32 AM PDT","11843920571","Order","111-5864616-9941135","BK-4794","The Joy of Cooking (1997)","1","amazon.com","Seller","CA","10.49","0.73","3.99","0","-0.73","-3.97","0","0","0","10.51"
"Sep 13, 2026 3:00:19 PM PDT","11843920571","Order","111-8567705-1676995","BK-3814","The Great Gatsby (Paperback)","1","amazon.com","Seller","OH","14.49","1.01","3.99","0","-1.01","-4.57","0","0","0","13.91"
"Sep 13, 2026 3:16:54 PM PDT","11843920571","Order","112-6268742-2225827","BK-4157","Harry Potter and the Sorcerer's Stone","1","amazon.com","Seller","MI","22.99","1.61","3.99","0","-1.61","-5.85","0","0","0","21.13"
"Sep 13, 2026 3:49:52 PM PDT","11843920571","Order","111-4459930-2454740","BK-3694","Educated: A Memoir","1","amazon.com","Seller","IL","31.99","2.24","3.99","0","-2.24","-7.20","0","0","0","28.78"
"Sep 13, 2026 3:49:52 PM PDT","11843920571","Order","111-4459930-2454740","BK-3683","Atomic Habits","1","amazon.com","Seller","IL","34.49","2.41","3.99","0","-2.41","-7.57","0","0","0","30.91"
"Sep 13, 2026 4:04:10 PM PDT","11843920571","Order","113-2796037-5458081","BK-4831","Calculus: Early Transcendentals 8th Ed","1","amazon.com","Seller","CA","11.49","0.80","3.99","0","-0.80","-4.12","0","0","0","11.36"
"Sep 13, 2026 4:14:52 PM PDT","11843920571","Order","111-9417820-2056553","BK-2536","The Very Hungry Caterpillar (Board Book)","1","amazon.com","Seller","MI","17.99","1.26","3.99","0","-1.26","-5.10","0","0","0","16.88"
"Sep 13, 2026 5:16:51 PM PDT","11843920571","Order","113-5512933-6896333","BK-4572","Becoming","1","amazon.com","Seller","CA","26.99","1.89","3.99","0","-1.89","-6.45","0","0","0","24.53"
"Sep 13, 2026 5:29:23 PM PDT","11843920571","Order","112-6186550-3036237","BK-4716","The Joy of Cooking (1997)","1","amazon.com","Seller","FL","14.49","1.01","3.99","0","-1.01","-4.57","0","0","0","13.91"
"Sep 13, 2026 6:26:21 PM PDT","11843920571","Order","111-9270919-9157193","BK-2176","The Hobbit","1","amazon.com","Seller","IL","18.99","1.33","3.99","0","-1.33","-5.25","0","0","0","17.73"
"Sep 13, 2026 6:26:21 PM PDT","11843920571","Order","111-9270919-9157193","BK-2592","Educated: A Memoir","1","amazon.com","Seller","IL","31.99","2.24","3.99","0","-2.24","-7.20","0","0","0","28.78"
"Sep 13, 2026 6:33:36 PM PDT","11843920571","Order","113-9017016-4910624","BK-0307","Where the Crawdads Sing","1","amazon.com","Seller","TX","20.99","1.47","3.99","0","-1.47","-5.55","0","0","0","19.43"
"Sep 13, 2026 6:52:45 PM PDT","11843920571","Order","112-2988064-9603537","BK-3727","Becoming","1","amazon.com","Seller","FL","29.49","2.06","3.99","0","-2.06","-6.82","0","0","0","26.66"
"Sep 13, 2026 7:50:27 PM PDT","11843920571","Order","112-4980192-3092978","BK-0794","Harry Potter and the Sorcerer's Stone","1","amazon.com","Seller","CA","12.99","0.91","3.99","0","-0.91","-4.35","0","0","0","12.63"
"Sep 13, 2026 8:28:10 PM PDT","11843920571","Order","112-4397758-7117432","BK-4106","Educated: A Memoir","1","amazon.com","Seller","PA","22.49","1.57","3.99","0","-1.57","-5.77","0","0","0","20.71"
"Sep 13, 2026 9:47:21 PM PDT","11843920571","Order","111-8253876-1129952","BK-3905","Becoming","1","amazon.com","Seller","FL","8.49","0.59","3.99","0","-0.59","-3.67","0","0","0","8.81"
"Sep 13, 2026 10:20:17 PM PDT","11843920571","Order","111-5397831-7835261","BK-3180","The Joy of Cooking (1997)","1","amazon.com","Seller","WI","16.49","1.15","3.99","0","-1.15","-4.87","0","0","0","15.61"
"Sep 13, 2026 10:20:17 PM PDT","11843920571","Order","111-5397831-7835261","BK-1253","The Great Gatsby (Paperback)","1","amazon.com","Seller","WI","29.49","2.06","3.99","0","-2.06","-6.82","0","0","0","26.66"
"Sep 13, 2026 10:49:20 PM PDT","11843920571","Order","114-1430692-6858857","BK-0069","The Hobbit","1","amazon.com","Seller","CA","5.99","0.42","3.99","0","-0.42","-3.30","0","0","0","6.68"
"Sep 13, 2026 10:56:55 PM PDT","11843920571","Order","112-5965200-8159111","BK-1899","Becoming","1","amazon.com","Seller","WI","5.49","0.38","3.99","0","-0.38","-3.22","0","0","0","6.26"
"Sep 14, 2026 8:08:41 AM PDT","11843920571","Order","111-9290489-4107062","BK-1301","The Hobbit","1","amazon.com","Seller","NY","17.99","1.26","3.99","0","-1.26","-5.10","0","0","0","16.88"
"Sep 14, 2026 12:13:12 PM PDT","11843920571","Order","112-5495195-6500530","BK-3858","The Hobbit","1","amazon.com","Seller","IL","28.49","1.99","3.99","0","-1.99","-6.67","0","0","0","25.81"
"Sep 14, 2026 12:44:16 PM PDT","11843920571","Order","112-1648741-1430813","BK-0462","The Great Gatsby (Paperback)","1","amazon.com","Seller","TX","18.99","1.33","3.99","0","-1.33","-5.25","0","0","0","17.73"
"Sep 14, 2026 12:44:53 PM PDT","11843920571","Order","113-1792278-9463130","BK-1319","Educated: A Memoir","1","amazon.com","Seller","FL","29.99","2.10","3.99","0","-2.10","-6.90","0","0","0","27.08"
"Sep 14, 2026 12:54:48 PM PDT","11843920571","Order","112-7649908-7594995","BK-3502","Where the Crawdads Sing","1","amazon.com","Seller","OH","24.49","1.71","3.99","0","-1.71","-6.07","0","0","0","22.41"
"Sep 14, 2026 3:09:54 PM PDT","11843920571","Order","113-3051545-5315546","BK-3477","The Very Hungry Caterpillar (Board Book)","1","amazon.com","Seller","FL","32.99","2.31","3.99","0","-2.31","-7.35","0","0","0","29.63"
"Sep 14, 2026 3:53:16 PM PDT","11843920571","Order","113-1478971-4927652","BK-2555","The Very Hungry Caterpillar (Board Book)","1","amazon.com","Seller","IL","5.49","0.38","3.99","0","-0.38","-3.22","0","0","0","6.26"
"Sep 14, 2026 3:53:16 PM PDT","11843920571","Order","113-1478971-4927652","BK-1414","Calculus: Early Transcendentals 8th Ed","1","amazon.com","Seller","IL","20.99","1.47","3.99","0","-1.47","-5.55","0","0","0","19.43"
"Sep 14, 2026 4:26:11 PM PDT","11843920571","Order","114-8718893-7078230","BK-0469","The Joy of Cooking (1997)","1","amazon.com","Seller","IL","15.99","1.12","3.99","0","-1.12","-4.80","0","0","0","15.18"
"Sep 14, 2026 5:40:36 PM PDT","11843920571","Order","111-1206796-2390047","BK-0984","The Hobbit","1","amazon.com","Seller","FL","8.49","0.59","3.99","0","-0.59","-3.67","0","0","0","8.81"
"Sep 14, 2026 6:05:27 PM PDT","11843920571","Order","112-4241093-1982582","BK-3721","Becoming","1","amazon.com","Seller","WI","4.49","0.31","3.99","0","-0.31","-3.07","0","0","0","5.41"
"Sep 14, 2026 6:24:37 PM PDT","11843920571","Order","112-1775714-5526311","BK-0039","Harry Potter and the Sorcerer's Stone","1","amazon.com","Seller","FL","4.99","0.35","3.99","0","-0.35","-3.15","0","0","0","5.83"
"Sep 14, 2026 7:50:35 PM PDT","11843920571","Order","112-3263372-1872752","BK-3665","Calculus: Early Transcendentals 8th Ed","1","amazon.com","Seller","CA","30.49","2.13","3.99","0","-2.13","-6.97","0","0","0","27.51"
"Sep 15, 2026 7:48:40 AM PDT","11843920571","Order","112-6016150-9880923","BK-0018","The Hobbit","1","amazon.com","Seller","CA","19.49","1.36","3.99","0","-1.36","-5.32","0","0","0","18.16"
"Sep 15, 2026 11:36:02 AM PDT","11843920571","Order","112-3634331-2530012","BK-1537","The Joy of Cooking (1997)","1","amazon.com","Seller","CA","20.99","1.47","3.99","0","-1.47","-5.55","0","0","0","19.43"
"Sep 15, 2026 11:54:45 AM PDT","11843920571","Order","111-1748321-2529770","BK-4987","Educated: A Memoir","1","amazon.com","Seller","IN","16.49","1.15","3.99","0","-1.15","-4.87","0","0","0","15.61"
"Sep 15, 2026 11:54:45 AM PDT","11843920571","Order","111-1748321-2529770","BK-1020","Becoming","1","amazon.com","Seller","IN","33.99","2.38","3.99","0","-2.38","-7.50","0","0","0","30.48"
"Sep 15, 2026 11:58:21 AM PDT","11843920571","Order","114-9917871-9334952","BK-2370","Educated: A Memoir","1","amazon.com","Seller","NY","10.99","0.77","3.99","0","-0.77","-4.05","0","0","0","10.93"
"Sep 15, 2026 12:05:10 PM PDT","11843920571","Order","112-4631077-3051217","BK-4618","Where the Crawdads Sing","1","amazon.com","Seller","PA","5.49","0.38","3.99","0","-0.38","-3.22","0","0","0","6.26"
"Sep 15, 2026 12:23:44 PM PDT","11843920571","Order","112-1241594-4894793","BK-4419","Where the Crawdads Sing","1","amazon.com","Seller","OH","18.49","1.29","3.99","0","-1.29","-5.17","0","0","0","17.31"
"Sep 15, 2026 1:08:36 PM PDT","11843920571","Order","113-3747608-5280241","BK-1837","The Great Gatsby (Paperback)","1","amazon.com","Seller","PA","23.99","1.68","3.99","0","-1.68","-6.00","0","0","0","21.98"
"Sep 15, 2026 2:56:34 PM PDT","11843920571","Order","112-7463776-4166730","BK-0440","Harry Potter and the Sorcerer's Stone","1","amazon.com","Seller","TX","8.99","0.63","3.99","0","-0.63","-3.75","0","0","0","9.23"
"Sep 15, 2026 3:21:07 PM PDT","11843920571","Order","111-4655178-9620118","BK-1684","The Hobbit","1","amazon.com","Seller","CA","26.99","1.89","3.99","0","-1.89","-6.45","0","0","0","24.53"
"Sep 15, 2026 4:27:07 PM PDT","11843920571","Order","112-6016107-4186371","BK-4073","The Very Hungry Caterpillar (Board Book)","1","amazon.com","Seller","IL","25.99","1.82","3.99","0","-1.82","-6.30","0","0","0","23.68"
"Sep 15, 2026 8:37:32 PM PDT","11843920571","Order","114-6114828-8265835","BK-3982","Calculus: Early Transcendentals 8th Ed","1","amazon.com","Seller","MI","19.49","1.36","3.99","0","-1.36","-5.32","0","0","0","18.16"
"Sep 16, 2026 3:46:39 AM PDT","11843920571","Order","113-4057990-1314096","BK-2438","The Joy of Cooking (1997)","1","amazon.com","Seller","TX","33.99","2.38","3.99","0","-2.38","-7.50","0","0","0","30.48"
"Sep 16, 2026 3:46:39 AM PDT","11843920571","Order","113-4057990-1314096","BK-2013","The Joy of Cooking (1997)","1","amazon.com","Seller","TX","4.99","0.35","3.99","0","-0.35","-3.15","0","0","0","5.83"
"Sep 16, 2026 5:46:15 AM PDT","11843920571","Order","114-6386548-3905658","BK-0999","Where the Crawdads Sing","1","amazon.com","Seller","PA","30.49","2.13","3.99","0","-2.13","-6.97","0","0","0","27.51"
"Sep 16, 2026 7:04:01 AM PDT","11843920571","Order","111-7284857-3970741","BK-0501","Becoming","1","amazon.com","Seller","CA","25.99","1.82","3.99","0","-1.82","-6.30","0","0","0","23.68"
"Sep 16, 2026 9:08:28 AM PDT","11843920571","Order","111-8918084-6381061","BK-0323","The Very Hungry Caterpillar (Board Book)","1","amazon.com","Seller","OH","26.99","1.89","3.99","0","-1.89","-6.45","0","0","0","24.53"
"Sep 16, 2026 9:35:30 AM PDT","11843920571","Order","113-4409362-2091766","BK-2878","Harry Potter and the Sorcerer's Stone","1","amazon.com","Seller","FL","20.99","1.47","3.99","0","-1.47","-5.55","0","0","0","19.43"
"Sep 16, 2026 11:20:51 AM PDT","11843920571","Order","113-5554354-2411846","BK-4163","Calculus: Early Transcendentals 8th Ed","1","amazon.com","Seller","IL","29.99","2.10","3.99","0","-2.10","-6.90","0","0","0","27.08"
"Sep 16, 2026 11:57:47 AM PDT","11843920571","Order","113-2713284-5349113","BK-3419","Calculus: Early Transcendentals 8th Ed","1","amazon.com","Seller","PA","6.49","0.45","3.99","0","-0.45","-3.37","0","0","0","7.11"
"Sep 16, 2026 1:45:21 PM PDT","11843920571","Order","113-5778137-9846181","BK-4464","Harry Potter and the Sorcerer's Stone","1","amazon.com","Seller","IL","18.99","1.33","3.99","0","-1.33","-5.25","0","0","0","17.73"
"Sep 16, 2026 5:04:11 PM PDT","11843920571","Order","113-7913777-3829350","BK-1706","The Joy of Cooking (1997)","1","amazon.com","Seller","TX","23.99","1.68","3.99","0","-1.68","-6.00","0","0","0","21.98"
"Sep 16, 2026 6:00:10 PM PDT","11843920571","Order","114-7327866-5801786","BK-3185","Becoming","1","amazon.com","Seller","OH","8.49","0.59","3.99","0","-0.59","-3.67","0","0","0","8.81"
"Sep 16, 2026 6:38:55 PM PDT","11843920571","Order","113-8321731-1640423","BK-1730","Calculus: Early Transcendentals 8th Ed","1","amazon.com","Seller","NY","6.49","0.45","3.99","0","-0.45","-3.37","0","0","0","7.11"
"Sep 16, 2026 7:00:12 PM PDT","11843920571","Order","112-8932289-7674339","BK-4772","The Hobbit","1","amazon.com","Seller","IL","30.99","2.17","3.99","0","-2.17","-7.05","0","0","0","27.93"
"Sep 16, 2026 7:10:53 PM PDT","11843920571","Order","114-3999964-1370905","BK-0221","The Very Hungry Caterpillar (Board Book)","1","amazon.com","Seller","PA","30.99","2.17","3.99","0","-2.17","-7.05","0","0","0","27.93"
"Sep 16, 2026 7:25:25 PM PDT","11843920571","Order","114-1104661-2547372","BK-3715","Atomic Habits","1","amazon.com","Seller","FL","10.99","0.77","3.99","0","-0.77","-4.05","0","0","0","10.93"
"Sep 16, 2026 9:33:43 PM PDT","11843920571","Order","114-4719906-5640699","BK-1280","Calculus: Early Transcendentals 8th Ed","1","amazon.com","Seller","CA","19.99","1.40","3.99","0","-1.40","-5.40","0","0","0","18.58"
"Sep 16, 2026 9:33:43 PM PDT","11843920571","Order","114-4719906-5640699","BK-1531","The Great Gatsby (Paperback)","1","amazon.com","Seller","CA","13.99","0.98","3.99","0","-0.98","-4.50","0","0","0","13.48"
"Sep 17, 2026 4:05:52 AM PDT","11843920571","Order","113-5366726-7242999","BK-0823","Harry Potter and the Sorcerer's Stone","1","amazon.com","Seller","OH","16.99","1.19","3.99","0","-1.19","-4.95","0","0","0","16.03"
"Sep 17, 2026 5:27:38 AM PDT","11843920571","Order","111-8111566-8285612","BK-4538","Educated: A Memoir","1","amazon.com","Seller","IL","5.49","0.38","3.99","0","-0.38","-3.22","0","0","0","6.26"
"Sep 17, 2026 6:09:46 AM PDT","11843920571","Order","112-7206608-8798721","BK-0499","Becoming","1","amazon.com","Seller","WI","32.49","2.27","3.99","0","-2.27","-7.27","0","0","0","29.21"
"Sep 17, 2026 8:16:11 AM PDT","11843920571","Order","112-6970591-5715263","BK-1804","Where the Crawdads Sing","1","amazon.com","Seller","PA","21.49","1.50","3.99","0","-1.50","-5.62","0","0","0","19.86"
"Sep 17, 2026 8:16:11 AM PDT","11843920571","Order","112-6970591-5715263","BK-0709","Harry Potter and the Sorcerer's Stone","1","amazon.com","Seller","PA","25.49","1.78","3.99","0","-1.78","-6.22","0","0","0","23.26"
"Sep 17, 2026 9:41:27 AM PDT","11843920571","Order","112-6748737-1861604","BK-0558","Where the Crawdads Sing","1","amazon.com","Seller","IL","30.49","2.13","3.99","0","-2.13","-6.97","0","0","0","27.51"
"Sep 17, 2026 12:07:01 PM PDT","11843920571","Order","114-3704952-8850366","BK-2003","Becoming","1","amazon.com","Seller","MI","12.49","0.87","3.99","0","-0.87","-4.27","0","0","0","12.21"
"Sep 17, 2026 12:07:01 PM PDT","11843920571","Order","114-3704952-8850366","BK-0274","Atomic Habits","1","amazon.com","Seller","MI","16.49","1.15","3.99","0","-1.15","-4.87","0","0","0","15.61"
"Sep 17, 2026 1:29:10 PM PDT","11843920571","Order","114-2161116-5804922","BK-4454","Where the Crawdads Sing","1","amazon.com","Seller","OH","18.99","1.33","3.99","0","-1.33","-5.25","0","0","0","17.73"
"Sep 17, 2026 5:15:38 PM PDT","11843920571","Order","112-3740844-9284158","BK-0585","Becoming","1","amazon.com","Seller","IL","30.99","2.17","3.99","0","-2.17","-7.05","0","0","0","27.93"
"Sep 17, 2026 5:54:22 PM PDT","11843920571","Order","112-7105173-3760994","BK-0972","Becoming","1","amazon.com","Seller","NY","23.99","1.68","3.99","0","-1.68","-6.00","0","0","0","21.98"
"Sep 17, 2026 7:05:09 PM PDT","11843920571","Order","114-7145461-5349686","BK-2103","The Hobbit","1","amazon.com","Seller","MI","25.49","1.78","3.99","0","-1.78","-6.22","0","0","0","23.26"
"Sep 17, 2026 8:50:34 PM PDT","11843920571","Order","111-5711296-1505994","BK-2664","The Joy of Cooking (1997)","1","amazon.com","Seller","OH","16.99","1.19","3.99","0","-1.19","-4.95","0","0","0","16.03"
"Sep 18, 2026 5:22:06 AM PDT","11843920571","Order","114-4132050-7481413","BK-2412","Educated: A Memoir","1","amazon.com","Seller","MI","34.99","2.45","3.99","0","-2.45","-7.65","0","0","0","31.33"
"Sep 18, 2026 6:07:08 AM PDT","11843920571","Order","112-5022345-2470840","BK-0631","Harry Potter and the Sorcerer's Stone","1","amazon.com","Seller","IN","24.99","1.75","3.99","0","-1.75","-6.15","0","0","0","22.83"
"Sep 18, 2026 6:47:06 AM PDT","11843920571","Order","111-6065666-3091311","BK-1410","Educated: A Memoir","1","amazon.com","Seller","CA","33.99","2.38","3.99","0","-2.38","-7.50","0","0","0","30.48"
"Sep 18, 2026 8:52:52 AM PDT","11843920571","Order","112-4393196-6166692","BK-2908","The Very Hungry Caterpillar (Board Book)","1","amazon.com","Seller","FL","9.49","0.66","3.99","0","-0.66","-3.82","0","0","0","9.66"
"Sep 18, 2026 8:59:11 AM PDT","11843920571","Order","113-7645941-2472341","BK-3021","Educated: A Memoir","1","amazon.com","Seller","OH","18.49","1.29","3.99","0","-1.29","-5.17","0","0","0","17.31"
"Sep 18, 2026 10:41:32 AM PDT","11843920571","Order","113-2926561-7173231","BK-4871","Calculus: Early Transcendentals 8th Ed","1","amazon.com","Seller","PA","24.99","1.75","3.99","0","-1.75","-6.15","0","0","0","22.83"
"Sep 18, 2026 10:46:51 AM PDT","11843920571","Order","113-5651335-8065142","BK-4379","The Great Gatsby (Paperback)","1","amazon.com","Seller","OH","11.49","0.80","3.99","0","-0.80","-4.12","0","0","0","11.36"
"Sep 18, 2026 11:41:28 AM PDT","11843920571","Order","114-6304906-4420520","BK-1048","Harry Potter and the Sorcerer's Stone","1","amazon.com","Seller","MI","15.99","1.12","3.99","0","-1.12","-4.80","0","0","0","15.18"
"Sep 18, 2026 11:41:28 AM PDT","11843920571","Order","114-6304906-4420520","BK-3418","Harry Potter and the Sorcerer's Stone","1","amazon.com","Seller","MI","29.99","2.10","3.99","0","-2.10","-6.90","0","0","0","27.08"
"Sep 18, 2026 12:18:44 PM PDT","11843920571","Order","111-6926523-2859879","BK-2191","Atomic Habits","1","amazon.com","Seller","IL","7.99","0.56","3.99","0","-0.56","-3.60","0","0","0","8.38"
"Sep 18, 2026 12:18:48 PM PDT","11843920571","Order","113-4418178-4098953","BK-0385","Where the Crawdads Sing","1","amazon.com","Seller","NY","31.99","2.24","3.99","0","-2.24","-7.20","0","0","0","28.78"
"Sep 18, 2026 2:41:17 PM PDT","11843920571","Order","111-8697544-7991259","BK-1512","Educated: A Memoir","1","amazon.com","Seller","NY","20.99","1.47","3.99","0","-1.47","-5.55","0","0","0","19.43"
"Sep 18, 2026 2:41:17 PM PDT","11843920571","Order","111-8697544-7991259","BK-0625","The Hobbit","1","amazon.com","Seller","NY","28.99","2.03","3.99","0","-2.03","-6.75","0","0","0","26.23"
"Sep 18, 2026 2:43:21 PM PDT","11843920571","Order","114-4276226-1600517","BK-4225","Atomic Habits","1","amazon.com","Seller","IN","22.99","1.61","3.99","0","-1.61","-5.85","0","0","0","21.13"
"Sep 18, 2026 3:44:05 PM PDT","11843920571","Order","114-1040425-7493703","BK-4080","Educated: A Memoir","1","amazon.com","Seller","NY","22.49","1.57","3.99","0","-1.57","-5.77","0","0","0","20.71"
"Sep 18, 2026 4:52:03 PM PDT","11843920571","Order","113-4477156-3522383","BK-1902","The Joy of Cooking (1997)","1","amazon.com","Seller","CA","17.49","1.22","3.99","0","-1.22","-5.02","0","0","0","16.46"
"Sep 18, 2026 5:13:07 PM PDT","11843920571","Order","111-7391323-7961401","BK-0215","Educated: A Memoir","1","amazon.com","Seller","MI","33.49","2.34","3.99","0","-2.34","-7.42","0","0","0","30.06"
"Sep 18, 2026 6:43:02 PM PDT","11843920571","Order","112-6038806-3079173","BK-0430","The Hobbit","1","amazon.com","Seller","CA","27.99","1.96","3.99","0","-1.96","-6.60","0","0","0","25.38"
"Sep 18, 2026 6:47:42 PM PDT","11843920571","Order","114-6375285-7861016","BK-2606","The Joy of Cooking (1997)","1","amazon.com","Seller","FL","10.99","0.77","3.99","0","-0.77","-4.05","0","0","0","10.93"
"Sep 18, 2026 6:47:42 PM PDT","11843920571","Order","114-6375285-7861016","BK-3433","The Joy of Cooking (1997)","1","amazon.com","Seller","FL","7.99","0.56","3.99","0","-0.56","-3.60","0","0","0","8.38"
"Sep 18, 2026 9:05:02 PM PDT","11843920571","Order","113-6531842-2697468","BK-4099","Calculus: Early Transcendentals 8th Ed","1","amazon.com","Seller","CA","13.49","0.94","3.99","0","-0.94","-4.42","0","0","0","13.06"
"Sep 18, 2026 9:12:28 PM PDT","11843920571","Order","113-1490048-7574965","BK-0069","Atomic Habits","1","amazon.com","Seller","OH","22.99","1.61","3.99","0","-1.61","-5.85","0","0","0","21.13"
"Sep 18, 2026 11:10:16 PM PDT","11843920571","Order","114-1534816-3946287","BK-3347","Calculus: Early Transcendentals 8th Ed","1","amazon.com","Seller","MI","27.99","1.96","3.99","0","-1.96","-6.60","0","0","0","25.38"
"Sep 19, 2026 5:05:14 AM PDT","11843920571","Order","113-7187806-2714690","BK-1835","The Very Hungry Caterpillar (Board Book)","1","amazon.com","Seller","MI","28.99","2.03","3.99","0","-2.03","-6.75","0","0","0","26.23"
"Sep 19, 2026 7:04:31 AM PDT","11843920571","Order","114-9617803-7724066","BK-1798","Educated: A Memoir","1","amazon.com","Seller","PA","29.99","2.10","3.99","0","-2.10","-6.90","0","0","0","27.08"
"Sep 19, 2026 7:38:00 AM PDT","11843920571","Refund","114-2161116-5804922","BK-4454","Where the Crawdads Sing","1","amazon.com","Seller","OH","-18.99","-1.33","-3.99","0","1.33","0.00","0","0","0","-22.98"
"Sep 19, 2026 7:39:14 AM PDT","11843920571","Order","113-6284884-7173503","BK-0001","The Joy of Cooking (1997)","1","amazon.com","Seller","TX","20.49","1.43","3.99","0","-1.43","-5.47","0","0","0","19.01"
"Sep 19, 2026 9:03:42 AM PDT","11843920571","Order","111-1468736-1517517","BK-4334","The Great Gatsby (Paperback)","1","amazon.com","Seller","MI","32.99","2.31","3.99","0","-2.31","-7.35","0","0","0","29.63"
"Sep 19, 2026 10:42:14 AM PDT","11843920571","Order","112-4658452-1265497","BK-3357","Calculus: Early Transcendentals 8th Ed","1","amazon.com","Seller","CA","23.49","1.64","3.99","0","-1.64","-5.92","0","0","0","21.56"
"Sep 19, 2026 11:35:41 AM PDT","11843920571","Order","111-7680386-1181819","BK-3609","Educated: A Memoir","1","amazon.com","Seller","TX","24.99","1.75","3.99","0","-1.75","-6.15","0","0","0","22.83"
"Sep 19, 2026 12:57:03 PM PDT","11843920571","Order","114-5230652-5622844","BK-3010","Calculus: Early Transcendentals 8th Ed","1","amazon.com","Seller","MI","32.99","2.31","3.99","0","-2.31","-7.35","0","0","0","29.63"
"Sep 19, 2026 1:15:23 PM PDT","11843920571","Order","114-8867252-6139037","BK-2192","The Great Gatsby (Paperback)","1","amazon.com","Seller","PA","4.99","0.35","3.99","0","-0.35","-3.15","0","0","0","5.83"
"Sep 19, 2026 2:38:58 PM PDT","11843920571","Order","114-4067073-9875399","BK-3935","Where the Crawdads Sing","1","amazon.com","Seller","TX","23.49","1.64","3.99","0","-1.64","-5.92","0","0","0","21.56"
"Sep 19, 2026 4:42:41 PM PDT","11843920571","Order","111-7709972-7506045","BK-3032","Where the Crawdads Sing","1","amazon.com","Seller","OH","27.49","1.92","3.99","0","-1.92","-6.52","0","0","0","24.96"
"Sep 19, 2026 4:42:41 PM PDT","11843920571","Order","111-7709972-7506045","BK-2315","The Hobbit","1","amazon.com","Seller","OH","32.99","2.31","3.99","0","-2.31","-7.35","0","0","0","29.63"
"Sep 19, 2026 4:59:37 PM PDT","11843920571","Order","111-4388706-4180498","BK-0819","Where the Crawdads Sing","1","amazon.com","Seller","PA","29.99","2.10","3.99","0","-2.10","-6.90","0","0","0","27.08"
"Sep 19, 2026 9:28:59 PM PDT","11843920571","Order","113-4068855-4060064","BK-1259","Calculus: Early Transcendentals 8th Ed","1","amazon.com","Seller","IL","27.49","1.92","3.99","0","-1.92","-6.52","0","0","0","24.96"
"Sep 19, 2026 11:15:26 PM PDT","11843920571","Order","113-1060665-1359949","BK-4068","Atomic Habits","1","amazon.com","Seller","TX","21.99","1.54","3.99","0","-1.54","-5.70","0","0","0","20.28"
"Sep 19, 2026 11:39:11 PM PDT","11843920571","Order","114-9219055-4703641","BK-2868","Educated: A Memoir","1","amazon.com","Seller","IN","31.99","2.24","3.99","0","-2.24","-7.20","0","0","0","28.78"
"Sep 20, 2026 5:35:54 AM PDT","11843920571","Order","114-2038222-5519508","BK-0992","The Hobbit","1","amazon.com","Seller","NY","30.99","2.17","3.99","0","-2.17","-7.05","0","0","0","27.93"
"Sep 20, 2026 5:35:54 AM PDT","11843920571","Order","114-2038222-5519508","BK-4675","Becoming","1","amazon.com","Seller","NY","23.49","1.64","3.99","0","-1.64","-5.92","0","0","0","21.56"
"Sep 20, 2026 10:42:24 AM PDT","11843920571","Order","114-4273729-6598599","BK-1775","Where the Crawdads Sing","1","amazon.com","Seller","IN","25.49","1.78","3.99","0","-1.78","-6.22","0","0","0","23.26"
"Sep 20, 2026 10:50:08 AM PDT","11843920571","Order","112-1241746-8691682","BK-0902","Harry Potter and the Sorcerer's Stone","1","amazon.com","Seller","IL","21.99","1.54","3.99","0","-1.54","-5.70","0","0","0","20.28"
"Sep 20, 2026 11:00:38 AM PDT","11843920571","Order","114-5122057-4751651","BK-4592","The Very Hungry Caterpillar (Board Book)","1","amazon.com","Seller","FL","7.99","0.56","3.99","0","-0.56","-3.60","0","0","0","8.38"
"Sep 20, 2026 11:51:10 AM PDT","11843920571","Order","113-8260283-8621504","BK-3629","Calculus: Early Transcendentals 8th Ed","1","amazon.com","Seller","TX","24.49","1.71","3.99","0","-1.71","-6.07","0","0","0","22.41"
"Sep 20, 2026 11:51:10 AM PDT","11843920571","Order","113-8260283-8621504","BK-1773","The Great Gatsby (Paperback)","1","amazon.com","Seller","TX","26.99","1.89","3.99","0","-1.89","-6.45","0","0","0","24.53"
"Sep 20, 2026 12:19:38 PM PDT","11843920571","Order","114-7318160-6333259","BK-0689","The Hobbit","1","amazon.com","Seller","TX","23.49","1.64","3.99","0","-1.64","-5.92","0","0","0","21.56"
"Sep 20, 2026 1:40:27 PM PDT","11843920571","Order","111-5642205-7723177","BK-1791","Atomic Habits","1","amazon.com","Seller","FL","31.49","2.20","3.99","0","-2.20","-7.12","0","0","0","28.36"
"Sep 20, 2026 3:04:32 PM PDT","11843920571","Order","111-3624731-5275185","BK-4389","The Great Gatsby (Paperback)","1","amazon.com","Seller","WI","29.99","2.10","3.99","0","-2.10","-6.90","0","0","0","27.08"
"Sep 20, 2026 3:04:32 PM PDT","11843920571","Order","111-3624731-5275185","BK-2159","The Joy of Cooking (1997)","1","amazon.com","Seller","WI","21.99","1.54","3.99","0","-1.54","-5.70","0","0","0","20.28"
"Sep 20, 2026 3:14:21 PM PDT","11843920571","Order","112-4334875-8652353","BK-1051","Where the Crawdads Sing","1","amazon.com","Seller","NY","19.99","1.40","3.99","0","-1.40","-5.40","0","0","0","18.58"
"Sep 20, 2026 4:44:28 PM PDT","11843920571","Order","112-3987291-9774836","BK-1876","The Very Hungry Caterpillar (Board Book)","1","amazon.com","Seller","OH","23.49","1.64","3.99","0","-1.64","-5.92","0","0","0","21.56"
"Sep 20, 2026 4:56:32 PM PDT","11843920571","Order","112-8260807-7385489","BK-4499","Harry Potter and the Sorcerer's Stone","1","amazon.com","Seller","IL","21.99","1.54","3.99","0","-1.54","-5.70","0","0","0","20.28"
"Sep 20, 2026 4:56:32 PM PDT","11843920571","Order","112-8260807-7385489","BK-0291","The Joy of Cooking (1997)","1","amazon.com","Seller","IL","34.99","2.45","3.99","0","-2.45","-7.65","0","0","0","31.33"
"Sep 20, 2026 4:58:50 PM PDT","11843920571","Order","112-3780629-6040163","BK-0653","The Very Hungry Caterpillar (Board Book)","1","amazon.com","Seller","IL","33.49","2.34","3.99","0","-2.34","-7.42","0","0","0","30.06"
"Sep 20, 2026 5:03:46 PM PDT","11843920571","Order","112-9723919-8007222","BK-1312","The Joy of Cooking (1997)","1","amazon.com","Seller","TX","25.99","1.82","3.99","0","-1.82","-6.30","0","0","0","23.68"
"Sep 20, 2026 6:16:52 PM PDT","11843920571","Order","114-3152701-9345057","BK-3336","Atomic Habits","1","amazon.com","Seller","NY","7.49","0.52","3.99","0","-0.52","-3.52","0","0","0","7.96"
"Sep 20, 2026 6:26:05 PM PDT","11843920571","Order","112-8142270-1339755","BK-1105","Where the Crawdads Sing","1","amazon.com","Seller","WI","8.99","0.63","3.99","0","-0.63","-3.75","0","0","0","9.23"
"Sep 20, 2026 6:45:33 PM PDT","11843920571","Order","111-6439473-1837720","BK-1876","Calculus: Early Transcendentals 8th Ed","1","amazon.com","Seller","IL","7.99","0.56","3.99","0","-0.56","-3.60","0","0","0","8.38"
"Sep 20, 2026 6:57:04 PM PDT","11843920571","Order","113-7837046-6010250","BK-3739","Becoming","1","amazon.com","Seller","IL","32.99","2.31","3.99","0","-2.31","-7.35","0","0","0","29.63"
"Sep 20, 2026 6:57:04 PM PDT","11843920571","Order","113-7837046-6010250","BK-3214","The Great Gatsby (Paperback)","1","amazon.com","Seller","IL","24.99","1.75","3.99","0","-1.75","-6.15","0","0","0","22.83"
"Sep 20, 2026 7:55:54 PM PDT","11843920571","Order","111-7309095-4789387","BK-2188","The Great Gatsby (Paperback)","1","amazon.com","Seller","CA","8.49","0.59","3.99","0","-0.59","-3.67","0","0","0","8.81"
"Sep 15, 2026 9:12:44 AM PDT","11843920571","Transfer","","","To account ending in: 4417","","","","","0","0","0","0","0","0","0","0","-4,054.00","-4,054.00"
