Posting Date,Document Type,Document No.,Account Type,Account No.,Description,Amount,Department Code
09/30/2026,,ECOM-2609-EBAY,G/L Account,11310,eBay net receivable Sep 2026,18488.89,180
09/30/2026,,ECOM-2609-EBAY,G/L Account,40120,eBay sales Sep 2026,-20052.32,180
09/30/2026,,ECOM-2609-EBAY,G/L Account,40190,eBay refunds Sep 2026,94.97,180
09/30/2026,,ECOM-2609-EBAY,G/L Account,40130,eBay shipping charged Sep 2026,-1635.27,180
09/30/2026,,ECOM-2609-EBAY,G/L Account,61210,eBay marketplace fees Sep 2026,3103.73,180
09/30/2026,,ECOM-2609-AMZN,G/L Account,11320,Amazon net receivable Sep 2026,8721.06,180
09/30/2026,,ECOM-2609-AMZN,G/L Account,40125,Amazon sales Sep 2026,-9486.49,180
09/30/2026,,ECOM-2609-AMZN,G/L Account,40195,Amazon refunds Sep 2026,51.98,180
09/30/2026,,ECOM-2609-AMZN,G/L Account,40135,Amazon shipping charged Sep 2026,-1791.51,180
09/30/2026,,ECOM-2609-AMZN,G/L Account,61220,Amazon marketplace fees Sep 2026,2504.96,180
09/04/2026,Payment,BNK-0904-EBAY,Bank Account,OPERATING,EBAY COMMERCE INC DES:PAYOUT ID:0901 (EBAY-PAID-0902) deposit,469.47,180
09/04/2026,Payment,BNK-0904-EBAY,G/L Account,11310,EBAY COMMERCE INC DES:PAYOUT ID:0901 (EBAY-PAID-0902) deposit,-469.47,180
09/08/2026,Payment,BNK-0908-EBAY,Bank Account,OPERATING,"EBAY COMMERCE INC DES:PAYOUT ID:0902+ (EBAY-PAID-0903, EBAY-PAID-0904, EBAY-PAID-0905, EBAY-PAID-0906) deposit",2486.42,180
09/08/2026,Payment,BNK-0908-EBAY,G/L Account,11310,"EBAY COMMERCE INC DES:PAYOUT ID:0902+ (EBAY-PAID-0903, EBAY-PAID-0904, EBAY-PAID-0905, EBAY-PAID-0906) deposit",-2486.42,180
09/08/2026,Payment,BNK-0908-SGW,Bank Account,OPERATING,SHOPGOODWILL.COM DES:SELLER PAYOUT ID:0906 deposit,10888.78,180
09/08/2026,Payment,BNK-0908-SGW,Customer,C-SHOPGOODWILL,SHOPGOODWILL.COM DES:SELLER PAYOUT ID:0906 deposit,-10888.78,180
09/09/2026,Payment,BNK-0909-EBAY,Bank Account,OPERATING,EBAY COMMERCE INC DES:PAYOUT ID:0906 (EBAY-PAID-0907) deposit,802.43,180
09/09/2026,Payment,BNK-0909-EBAY,G/L Account,11310,EBAY COMMERCE INC DES:PAYOUT ID:0906 (EBAY-PAID-0907) deposit,-802.43,180
09/10/2026,Payment,BNK-0910-EBAY,Bank Account,OPERATING,EBAY COMMERCE INC DES:PAYOUT ID:0907 (EBAY-PAID-0908) deposit,600.13,180
09/10/2026,Payment,BNK-0910-EBAY,G/L Account,11310,EBAY COMMERCE INC DES:PAYOUT ID:0907 (EBAY-PAID-0908) deposit,-600.13,180
09/11/2026,Payment,BNK-0911-EBAY,Bank Account,OPERATING,EBAY COMMERCE INC DES:PAYOUT ID:0908 (EBAY-PAID-0909) deposit,561.03,180
09/11/2026,Payment,BNK-0911-EBAY,G/L Account,11310,EBAY COMMERCE INC DES:PAYOUT ID:0908 (EBAY-PAID-0909) deposit,-561.03,180
09/14/2026,Payment,BNK-0914-EBAY,Bank Account,OPERATING,"EBAY COMMERCE INC DES:PAYOUT ID:0909+ (EBAY-PAID-0910, EBAY-PAID-0911, EBAY-PAID-0912) deposit",1650.69,180
09/14/2026,Payment,BNK-0914-EBAY,G/L Account,11310,"EBAY COMMERCE INC DES:PAYOUT ID:0909+ (EBAY-PAID-0910, EBAY-PAID-0911, EBAY-PAID-0912) deposit",-1650.69,180
09/15/2026,Payment,BNK-0915-EBAY,Bank Account,OPERATING,EBAY COMMERCE INC DES:PAYOUT ID:0912 (EBAY-PAID-0913) deposit,495.85,180
09/15/2026,Payment,BNK-0915-EBAY,G/L Account,11310,EBAY COMMERCE INC DES:PAYOUT ID:0912 (EBAY-PAID-0913) deposit,-495.85,180
09/15/2026,Payment,BNK-0915-SGW,Bank Account,OPERATING,SHOPGOODWILL.COM DES:SELLER PAYOUT ID:0913 deposit,15318.93,180
09/15/2026,Payment,BNK-0915-SGW,Customer,C-SHOPGOODWILL,SHOPGOODWILL.COM DES:SELLER PAYOUT ID:0913 deposit,-15318.93,180
09/16/2026,Payment,BNK-0916-EBAY,Bank Account,OPERATING,EBAY COMMERCE INC DES:PAYOUT ID:0913 (EBAY-PAID-0914) deposit,782.64,180
09/16/2026,Payment,BNK-0916-EBAY,G/L Account,11310,EBAY COMMERCE INC DES:PAYOUT ID:0913 (EBAY-PAID-0914) deposit,-782.64,180
09/17/2026,Payment,BNK-0917-EBAY,Bank Account,OPERATING,EBAY COMMERCE INC DES:PAYOUT ID:0914 (EBAY-PAID-0915) deposit,560.70,180
09/17/2026,Payment,BNK-0917-EBAY,G/L Account,11310,EBAY COMMERCE INC DES:PAYOUT ID:0914 (EBAY-PAID-0915) deposit,-560.70,180
09/18/2026,Payment,BNK-0918-AMZN,Bank Account,OPERATING,AMAZON.COM SERVICES LLC DES:PAYMENTS ID:0914 (AMAZON-PAID-0915) deposit,4054.00,180
09/18/2026,Payment,BNK-0918-AMZN,G/L Account,11320,AMAZON.COM SERVICES LLC DES:PAYMENTS ID:0914 (AMAZON-PAID-0915) deposit,-4054.00,180
09/18/2026,Payment,BNK-0918-EBAY,Bank Account,OPERATING,EBAY COMMERCE INC DES:PAYOUT ID:0915 (EBAY-PAID-0916) deposit,692.47,180
09/18/2026,Payment,BNK-0918-EBAY,G/L Account,11310,EBAY COMMERCE INC DES:PAYOUT ID:0915 (EBAY-PAID-0916) deposit,-692.47,180
09/21/2026,Payment,BNK-0921-EBAY,Bank Account,OPERATING,"EBAY COMMERCE INC DES:PAYOUT ID:0916+ (EBAY-PAID-0917, EBAY-PAID-0918, EBAY-PAID-0919) deposit",2503.68,180
09/21/2026,Payment,BNK-0921-EBAY,G/L Account,11310,"EBAY COMMERCE INC DES:PAYOUT ID:0916+ (EBAY-PAID-0917, EBAY-PAID-0918, EBAY-PAID-0919) deposit",-2503.68,180
09/22/2026,Payment,BNK-0922-EBAY,Bank Account,OPERATING,EBAY COMMERCE INC DES:PAYOUT ID:0919 (EBAY-PAID-0920) deposit,937.19,180
09/22/2026,Payment,BNK-0922-EBAY,G/L Account,11310,EBAY COMMERCE INC DES:PAYOUT ID:0919 (EBAY-PAID-0920) deposit,-937.19,180
09/22/2026,Payment,BNK-0922-SGW,Bank Account,OPERATING,SHOPGOODWILL.COM DES:SELLER PAYOUT ID:0920 deposit,13299.24,180
09/22/2026,Payment,BNK-0922-SGW,Customer,C-SHOPGOODWILL,SHOPGOODWILL.COM DES:SELLER PAYOUT ID:0920 deposit,-13299.24,180
09/23/2026,Payment,BNK-0923-EBAY,Bank Account,OPERATING,EBAY COMMERCE INC DES:PAYOUT ID:0920 (EBAY-PAID-0921) deposit,469.63,180
09/23/2026,Payment,BNK-0923-EBAY,G/L Account,11310,EBAY COMMERCE INC DES:PAYOUT ID:0920 (EBAY-PAID-0921) deposit,-469.63,180
09/24/2026,Payment,BNK-0924-EBAY,Bank Account,OPERATING,EBAY COMMERCE INC DES:PAYOUT ID:0921 (EBAY-PAID-0922) deposit,626.04,180
09/24/2026,Payment,BNK-0924-EBAY,G/L Account,11310,EBAY COMMERCE INC DES:PAYOUT ID:0921 (EBAY-PAID-0922) deposit,-626.04,180
09/25/2026,Payment,BNK-0925-EBAY,Bank Account,OPERATING,EBAY COMMERCE INC DES:PAYOUT ID:0922 (EBAY-PAID-0923) deposit,463.09,180
09/25/2026,Payment,BNK-0925-EBAY,G/L Account,11310,EBAY COMMERCE INC DES:PAYOUT ID:0922 (EBAY-PAID-0923) deposit,-463.09,180
09/28/2026,Payment,BNK-0928-EBAY,Bank Account,OPERATING,"EBAY COMMERCE INC DES:PAYOUT ID:0923+ (EBAY-PAID-0924, EBAY-PAID-0925, EBAY-PAID-0926) deposit",1907.31,180
09/28/2026,Payment,BNK-0928-EBAY,G/L Account,11310,"EBAY COMMERCE INC DES:PAYOUT ID:0923+ (EBAY-PAID-0924, EBAY-PAID-0925, EBAY-PAID-0926) deposit",-1907.31,180
09/29/2026,Payment,BNK-0929-EBAY,Bank Account,OPERATING,EBAY COMMERCE INC DES:PAYOUT ID:0926 (EBAY-PAID-0927) deposit,476.36,180
09/29/2026,Payment,BNK-0929-EBAY,G/L Account,11310,EBAY COMMERCE INC DES:PAYOUT ID:0926 (EBAY-PAID-0927) deposit,-476.36,180
09/29/2026,Payment,BNK-0929-SGW,Bank Account,OPERATING,SHOPGOODWILL.COM DES:SELLER PAYOUT ID:0927 deposit,13707.02,180
09/29/2026,Payment,BNK-0929-SGW,Customer,C-SHOPGOODWILL,SHOPGOODWILL.COM DES:SELLER PAYOUT ID:0927 deposit,-13707.02,180
09/30/2026,Payment,BNK-0930-EBAY,Bank Account,OPERATING,EBAY COMMERCE INC DES:PAYOUT ID:0927 (EBAY-PAID-0928) deposit,538.20,180
09/30/2026,Payment,BNK-0930-EBAY,G/L Account,11310,EBAY COMMERCE INC DES:PAYOUT ID:0927 (EBAY-PAID-0928) deposit,-538.20,180
