txn_id,source,marketplace,type,business_date,order_id,customer_id,customer_basis,gross_cents,fee_cents,source_file,source_row,shipping_cents,handling_cents,units
cashmonkey:111-8934427-9246556:sale,cashmonkey,amazon,sale,2026-09-29,111-8934427-9246556,,order,3399,750,orders2023-20261002-001512-96170.xlsx,1,399,0,1
cashmonkey:11-76491-28144:sale,cashmonkey,ebay,sale,2026-09-29,11-76491-28144,,order,2399,348,orders2023-20261002-001512-96170.xlsx,2,0,0,1
cashmonkey:15-82293-84522:sale,cashmonkey,ebay,sale,2026-09-29,15-82293-84522,,order,4299,600,orders2023-20261002-001512-96170.xlsx,3,0,0,1
cashmonkey:112-3574053-6999589:sale,cashmonkey,amazon,sale,2026-09-29,112-3574053-6999589,,order,2649,637,orders2023-20261002-001512-96170.xlsx,4,399,0,1
cashmonkey:112-4481597-7398470:sale,cashmonkey,amazon,sale,2026-09-29,112-4481597-7398470,,order,2799,660,orders2023-20261002-001512-96170.xlsx,5,399,0,1
cashmonkey:111-7922709-7721239:sale,cashmonkey,amazon,sale,2026-09-29,111-7922709-7721239,,order,3199,720,orders2023-20261002-001512-96170.xlsx,6,399,0,1
cashmonkey:20-70929-29048:sale,cashmonkey,ebay,sale,2026-09-29,20-70929-29048,,order,3799,533,orders2023-20261002-001512-96170.xlsx,7,0,0,1
cashmonkey:112-5005129-4979799:sale,cashmonkey,amazon,sale,2026-09-29,112-5005129-4979799,,order,3499,765,orders2023-20261002-001512-96170.xlsx,8,399,0,1
cashmonkey:113-2668386-1091583:sale,cashmonkey,amazon,sale,2026-09-29,113-2668386-1091583,,order,2499,615,orders2023-20261002-001512-96170.xlsx,9,399,0,1
cashmonkey:25-13929-27220:sale,cashmonkey,ebay,sale,2026-09-29,25-13929-27220,,order,3399,560,orders2023-20261002-001512-96170.xlsx,10,599,0,1
cashmonkey:12-20071-38511:sale,cashmonkey,ebay,sale,2026-09-30,12-20071-38511,,order,2099,387,orders2023-20261002-001512-96170.xlsx,11,599,0,1
cashmonkey:22-68440-48319:sale,cashmonkey,ebay,sale,2026-09-30,22-68440-48319,,order,3799,613,orders2023-20261002-001512-96170.xlsx,12,599,0,1
cashmonkey:15-28384-50309:sale,cashmonkey,ebay,sale,2026-09-30,15-28384-50309,,order,1599,242,orders2023-20261002-001512-96170.xlsx,13,0,0,1
cashmonkey:19-30351-24184:sale,cashmonkey,ebay,sale,2026-09-30,19-30351-24184,,order,1599,242,orders2023-20261002-001512-96170.xlsx,14,0,0,1
cashmonkey:26-93546-96953:sale,cashmonkey,ebay,sale,2026-09-30,26-93546-96953,,order,1999,374,orders2023-20261002-001512-96170.xlsx,15,599,0,1
cashmonkey:24-75942-88470:sale,cashmonkey,ebay,sale,2026-09-30,24-75942-88470,,order,1999,295,orders2023-20261002-001512-96170.xlsx,16,0,0,1
cashmonkey:113-6913273-4720460:sale,cashmonkey,amazon,sale,2026-09-30,113-6913273-4720460,,order,2949,682,orders2023-20261002-001512-96170.xlsx,17,399,0,1
cashmonkey:114-2035958-5923939:sale,cashmonkey,amazon,sale,2026-09-30,114-2035958-5923939,,order,2799,660,orders2023-20261002-001512-96170.xlsx,18,399,0,1
cashmonkey:11-64368-74475:sale,cashmonkey,ebay,sale,2026-09-30,11-64368-74475,,order,1399,295,orders2023-20261002-001512-96170.xlsx,19,599,0,1
cashmonkey:21-36782-38838:sale,cashmonkey,ebay,sale,2026-09-30,21-36782-38838,,order,1299,202,orders2023-20261002-001512-96170.xlsx,20,0,0,1
cashmonkey:112-2042308-7484700:sale,cashmonkey,amazon,sale,2026-09-30,112-2042308-7484700,,order,3349,742,orders2023-20261002-001512-96170.xlsx,21,399,0,1
cashmonkey:111-3503124-5395401:sale,cashmonkey,amazon,sale,2026-09-30,111-3503124-5395401,,order,1799,510,orders2023-20261002-001512-96170.xlsx,22,399,0,1
cashmonkey:114-3027814-1940003:sale,cashmonkey,amazon,sale,2026-09-30,114-3027814-1940003,,order,3449,757,orders2023-20261002-001512-96170.xlsx,23,399,0,1
cashmonkey:12-61225-11274:sale,cashmonkey,ebay,sale,2026-09-30,12-61225-11274,,order,7299,1076,orders2023-20261002-001512-96170.xlsx,24,599,0,1
cashmonkey:19-78629-26006:sale,cashmonkey,ebay,sale,2026-09-30,19-78629-26006,,order,3199,533,orders2023-20261002-001512-96170.xlsx,25,599,0,1
cashmonkey:21-13811-57683:sale,cashmonkey,ebay,sale,2026-09-30,21-13811-57683,,order,1899,282,orders2023-20261002-001512-96170.xlsx,26,0,0,1
cashmonkey:20-68616-19719:sale,cashmonkey,ebay,sale,2026-09-30,20-68616-19719,,order,2199,321,orders2023-20261002-001512-96170.xlsx,27,0,0,1
cashmonkey:114-8455570-2006898:sale,cashmonkey,amazon,sale,2026-09-30,114-8455570-2006898,,order,1899,525,orders2023-20261002-001512-96170.xlsx,28,399,0,1
cashmonkey:114-3165335-6983038:sale,cashmonkey,amazon,sale,2026-09-30,114-3165335-6983038,,order,2099,555,orders2023-20261002-001512-96170.xlsx,29,399,0,1
cashmonkey:27-83407-89432:sale,cashmonkey,ebay,sale,2026-09-30,27-83407-89432,,order,1199,189,orders2023-20261002-001512-96170.xlsx,30,0,0,1
cashmonkey:17-14079-99117:sale,cashmonkey,ebay,sale,2026-09-30,17-14079-99117,,order,3799,533,orders2023-20261002-001512-96170.xlsx,31,0,0,1
cashmonkey:112-3724827-2685339:sale,cashmonkey,amazon,sale,2026-09-30,112-3724827-2685339,,order,1499,465,orders2023-20261002-001512-96170.xlsx,32,399,0,1
cashmonkey:21-99444-73355:sale,cashmonkey,ebay,sale,2026-09-30,21-99444-73355,,order,2899,414,orders2023-20261002-001512-96170.xlsx,33,0,0,1
cashmonkey:24-48409-32076:sale,cashmonkey,ebay,sale,2026-09-30,24-48409-32076,,order,1799,268,orders2023-20261002-001512-96170.xlsx,34,0,0,1
cashmonkey:12-53204-16520:sale,cashmonkey,ebay,sale,2026-09-30,12-53204-16520,,order,2399,348,orders2023-20261002-001512-96170.xlsx,35,0,0,1
cashmonkey:25-11885-21266:sale,cashmonkey,ebay,sale,2026-09-30,25-11885-21266,,order,3199,454,orders2023-20261002-001512-96170.xlsx,36,0,0,1
cashmonkey:112-1466860-2697997:sale,cashmonkey,amazon,sale,2026-09-30,112-1466860-2697997,,order,2299,585,orders2023-20261002-001512-96170.xlsx,37,399,0,1
cashmonkey:15-83520-85713:sale,cashmonkey,ebay,sale,2026-09-30,15-83520-85713,,order,2199,321,orders2023-20261002-001512-96170.xlsx,38,0,0,1
cashmonkey:12-79460-82574:sale,cashmonkey,ebay,sale,2026-09-30,12-79460-82574,,order,1999,295,orders2023-20261002-001512-96170.xlsx,39,0,0,1
cashmonkey:19-30221-24943:sale,cashmonkey,ebay,sale,2026-09-30,19-30221-24943,,order,1599,242,orders2023-20261002-001512-96170.xlsx,40,0,0,1
cashmonkey:112-7210060-8198289:sale,cashmonkey,amazon,sale,2026-09-30,112-7210060-8198289,,order,2849,667,orders2023-20261002-001512-96170.xlsx,41,399,0,1
cashmonkey:14-19570-87521:sale,cashmonkey,ebay,sale,2026-09-30,14-19570-87521,,order,1199,189,orders2023-20261002-001512-96170.xlsx,42,0,0,1
cashmonkey:22-31005-32880:sale,cashmonkey,ebay,sale,2026-09-30,22-31005-32880,,order,3499,494,orders2023-20261002-001512-96170.xlsx,43,0,0,1
cashmonkey:112-1175196-2346525:sale,cashmonkey,amazon,sale,2026-10-01,112-1175196-2346525,,order,1449,457,orders2023-20261002-001512-96170.xlsx,44,399,0,1
cashmonkey:111-6668078-1622432:sale,cashmonkey,amazon,sale,2026-10-01,111-6668078-1622432,,order,2949,682,orders2023-20261002-001512-96170.xlsx,45,399,0,1
cashmonkey:111-4084129-3008144:sale,cashmonkey,amazon,sale,2026-10-01,111-4084129-3008144,,order,1799,510,orders2023-20261002-001512-96170.xlsx,46,399,0,1
cashmonkey:25-53215-23691:sale,cashmonkey,ebay,sale,2026-10-01,25-53215-23691,,order,3399,560,orders2023-20261002-001512-96170.xlsx,47,599,0,1
cashmonkey:23-44272-97752:sale,cashmonkey,ebay,sale,2026-10-01,23-44272-97752,,order,1899,282,orders2023-20261002-001512-96170.xlsx,48,0,0,1
cashmonkey:21-72849-49955:sale,cashmonkey,ebay,sale,2026-10-01,21-72849-49955,,order,1299,281,orders2023-20261002-001512-96170.xlsx,49,599,0,1
cashmonkey:21-62696-40077:sale,cashmonkey,ebay,sale,2026-10-01,21-62696-40077,,order,799,136,orders2023-20261002-001512-96170.xlsx,50,0,0,1
cashmonkey:27-45143-75525:sale,cashmonkey,ebay,sale,2026-10-01,27-45143-75525,,order,499,96,orders2023-20261002-001512-96170.xlsx,51,0,0,1
cashmonkey:18-81299-55322:sale,cashmonkey,ebay,sale,2026-10-01,18-81299-55322,,order,1599,242,orders2023-20261002-001512-96170.xlsx,52,0,0,1
cashmonkey:10-18992-62493:sale,cashmonkey,ebay,sale,2026-10-01,10-18992-62493,,order,1799,348,orders2023-20261002-001512-96170.xlsx,53,599,0,1
cashmonkey:112-1876876-9303854:sale,cashmonkey,amazon,sale,2026-10-01,112-1876876-9303854,,order,4248,1117,orders2023-20261002-001512-96170.xlsx,54,798,0,2
cashmonkey:20-70699-10796:sale,cashmonkey,ebay,sale,2026-10-01,20-70699-10796,,order,1599,242,orders2023-20261002-001512-96170.xlsx,56,0,0,1
cashmonkey:24-46107-76127:sale,cashmonkey,ebay,sale,2026-10-01,24-46107-76127,,order,3899,626,orders2023-20261002-001512-96170.xlsx,57,599,0,1
cashmonkey:10-87848-44881:sale,cashmonkey,ebay,sale,2026-10-01,10-87848-44881,,order,2799,401,orders2023-20261002-001512-96170.xlsx,58,0,0,1
cashmonkey:112-2095345-2928914:sale,cashmonkey,amazon,sale,2026-10-01,112-2095345-2928914,,order,1399,450,orders2023-20261002-001512-96170.xlsx,59,399,0,1
cashmonkey:112-2010488-3860698:sale,cashmonkey,amazon,sale,2026-10-01,112-2010488-3860698,,order,2199,570,orders2023-20261002-001512-96170.xlsx,60,399,0,1
cashmonkey:113-2682235-8411917:sale,cashmonkey,amazon,sale,2026-10-01,113-2682235-8411917,,order,2349,592,orders2023-20261002-001512-96170.xlsx,61,399,0,1
cashmonkey:111-6634024-9351564:sale,cashmonkey,amazon,sale,2026-10-01,111-6634024-9351564,,order,1549,472,orders2023-20261002-001512-96170.xlsx,62,399,0,1
cashmonkey:27-28114-96664:sale,cashmonkey,ebay,sale,2026-10-01,27-28114-96664,,order,2699,388,orders2023-20261002-001512-96170.xlsx,63,0,0,1
cashmonkey:112-3948780-9175632:sale,cashmonkey,amazon,sale,2026-10-01,112-3948780-9175632,,order,5498,1305,orders2023-20261002-001512-96170.xlsx,64,798,0,2
cashmonkey:113-9079113-9186441:sale,cashmonkey,amazon,sale,2026-10-01,113-9079113-9186441,,order,1199,420,orders2023-20261002-001512-96170.xlsx,66,399,0,1
cashmonkey:113-2934712-9167280:sale,cashmonkey,amazon,sale,2026-10-01,113-2934712-9167280,,order,5048,1237,orders2023-20261002-001512-96170.xlsx,67,798,0,2
cashmonkey:113-5414642-7602898:sale,cashmonkey,amazon,sale,2026-10-01,113-5414642-7602898,,order,2748,892,orders2023-20261002-001512-96170.xlsx,69,798,0,2
cashmonkey:114-9586152-3943325:sale,cashmonkey,amazon,sale,2026-10-01,114-9586152-3943325,,order,499,315,orders2023-20261002-001512-96170.xlsx,71,399,0,1
cashmonkey:25-78236-20114:sale,cashmonkey,ebay,sale,2026-10-01,25-78236-20114,,order,1899,282,orders2023-20261002-001512-96170.xlsx,72,0,0,1
cashmonkey:14-70016-76717:sale,cashmonkey,ebay,sale,2026-10-01,14-70016-76717,,order,3199,454,orders2023-20261002-001512-96170.xlsx,73,0,0,1
cashmonkey:27-86382-51730:sale,cashmonkey,ebay,sale,2026-10-01,27-86382-51730,,order,3099,441,orders2023-20261002-001512-96170.xlsx,74,0,0,1
cashmonkey:19-12349-16702:sale,cashmonkey,ebay,sale,2026-10-01,19-12349-16702,,order,4599,639,orders2023-20261002-001512-96170.xlsx,75,0,0,1
cashmonkey:112-7245506-6365947:sale,cashmonkey,amazon,sale,2026-10-01,112-7245506-6365947,,order,2899,675,orders2023-20261002-001512-96170.xlsx,76,399,0,1
cashmonkey:22-68919-29979:sale,cashmonkey,ebay,sale,2026-10-01,22-68919-29979,,order,2499,440,orders2023-20261002-001512-96170.xlsx,77,599,0,1
cashmonkey:23-70079-44911:sale,cashmonkey,ebay,sale,2026-10-01,23-70079-44911,,order,1399,215,orders2023-20261002-001512-96170.xlsx,78,0,0,1
cashmonkey:112-8247928-5425086:sale,cashmonkey,amazon,sale,2026-10-01,112-8247928-5425086,,order,1899,525,orders2023-20261002-001512-96170.xlsx,79,399,0,1
cashmonkey:10-61791-14679:sale,cashmonkey,ebay,sale,2026-10-01,10-61791-14679,,order,7399,1010,orders2023-20261002-001512-96170.xlsx,80,0,0,1
cashmonkey:14-69167-24721:sale,cashmonkey,ebay,sale,2026-10-01,14-69167-24721,,order,6299,944,orders2023-20261002-001512-96170.xlsx,81,599,0,1
cashmonkey:114-2313998-2032527:sale,cashmonkey,amazon,sale,2026-10-01,114-2313998-2032527,,order,1349,442,orders2023-20261002-001512-96170.xlsx,82,399,0,1
cashmonkey:11-95695-68798:sale,cashmonkey,ebay,sale,2026-10-01,11-95695-68798,,order,2599,374,orders2023-20261002-001512-96170.xlsx,83,0,0,1
cashmonkey:21-52170-28065:sale,cashmonkey,ebay,sale,2026-10-01,21-52170-28065,,order,2699,467,orders2023-20261002-001512-96170.xlsx,84,599,0,1
cashmonkey:114-2572015-4583099:sale,cashmonkey,amazon,sale,2026-10-01,114-2572015-4583099,,order,2849,667,orders2023-20261002-001512-96170.xlsx,85,399,0,1
cashmonkey:23-55724-59382:sale,cashmonkey,ebay,sale,2026-10-01,23-55724-59382,,order,2399,427,orders2023-20261002-001512-96170.xlsx,86,599,0,1
cashmonkey:12-90329-47466:sale,cashmonkey,ebay,sale,2026-10-01,12-90329-47466,,order,2399,348,orders2023-20261002-001512-96170.xlsx,87,0,0,1
cashmonkey:11-99042-17531:sale,cashmonkey,ebay,sale,2026-10-01,11-99042-17531,,order,899,228,orders2023-20261002-001512-96170.xlsx,88,599,0,1
cashmonkey:15-66055-59883:sale,cashmonkey,ebay,sale,2026-10-01,15-66055-59883,,order,4099,573,orders2023-20261002-001512-96170.xlsx,89,0,0,1
cashmonkey:16-32096-67431:sale,cashmonkey,ebay,sale,2026-10-01,16-32096-67431,,order,2299,414,orders2023-20261002-001512-96170.xlsx,90,599,0,1
cashmonkey:114-1711197-9274325:sale,cashmonkey,amazon,sale,2026-10-01,114-1711197-9274325,,order,1449,457,orders2023-20261002-001512-96170.xlsx,91,399,0,1
cashmonkey:114-7418376-4525024:sale,cashmonkey,amazon,sale,2026-10-02,114-7418376-4525024,,order,2599,630,orders2023-20261002-001512-96170.xlsx,92,399,0,1
upright:885855:sale,upright,shopgoodwill,sale,2026-09-29,885855,sunnymaple931,order,800,0,paid_orders_09-29-2026_10-01-2026.xlsx,1,1299,300,1
upright:885869:sale,upright,shopgoodwill,sale,2026-09-29,885869,retroowl674,order,1400,0,paid_orders_09-29-2026_10-01-2026.xlsx,2,1099,300,1
upright:885933:sale,upright,shopgoodwill,sale,2026-09-29,885933,happyfinds531,order,2000,0,paid_orders_09-29-2026_10-01-2026.xlsx,3,1099,300,1
upright:885905:sale,upright,shopgoodwill,sale,2026-09-29,885905,sunnyfox757,order,2800,0,paid_orders_09-29-2026_10-01-2026.xlsx,4,1499,300,1
upright:885877:sale,upright,shopgoodwill,sale,2026-09-29,885877,swiftmaple687,order,5500,0,paid_orders_09-29-2026_10-01-2026.xlsx,5,1099,300,1
upright:885901:sale,upright,shopgoodwill,sale,2026-09-29,885901,happyhound211,order,3400,0,paid_orders_09-29-2026_10-01-2026.xlsx,6,1299,300,1
upright:885835:sale,upright,shopgoodwill,sale,2026-09-29,885835,northpicker925,order,3100,0,paid_orders_09-29-2026_10-01-2026.xlsx,7,1499,300,1
upright:885881:sale,upright,shopgoodwill,sale,2026-09-29,885881,quietdeals834,order,1300,0,paid_orders_09-29-2026_10-01-2026.xlsx,8,1299,300,1
upright:885875:sale,upright,shopgoodwill,sale,2026-09-29,885875,happymaple9,order,2800,0,paid_orders_09-29-2026_10-01-2026.xlsx,9,899,300,1
upright:885937:sale,upright,shopgoodwill,sale,2026-09-29,885937,sunnyhound619,order,4500,0,paid_orders_09-29-2026_10-01-2026.xlsx,10,1499,300,1
upright:885880:sale,upright,shopgoodwill,sale,2026-09-29,885880,goldenfinds90,order,600,0,paid_orders_09-29-2026_10-01-2026.xlsx,11,1499,300,1
upright:885884:sale,upright,shopgoodwill,sale,2026-09-29,885884,goldenowl339,order,19200,0,paid_orders_09-29-2026_10-01-2026.xlsx,12,1099,300,1
upright:885918:sale,upright,shopgoodwill,sale,2026-09-29,885918,quietriver358,order,1400,0,paid_orders_09-29-2026_10-01-2026.xlsx,13,1299,300,1
upright:885844:sale,upright,shopgoodwill,sale,2026-09-29,885844,rustybear960,order,1500,0,paid_orders_09-29-2026_10-01-2026.xlsx,14,899,300,1
upright:885876:sale,upright,shopgoodwill,sale,2026-09-29,885876,goldenfinds282,order,2200,0,paid_orders_09-29-2026_10-01-2026.xlsx,15,899,300,1
upright:885912:sale,upright,shopgoodwill,sale,2026-09-29,885912,swiftfox259,order,1800,0,paid_orders_09-29-2026_10-01-2026.xlsx,16,1499,300,1
upright:885886:sale,upright,shopgoodwill,sale,2026-09-29,885886,sunnydeals740,order,7000,0,paid_orders_09-29-2026_10-01-2026.xlsx,17,1299,300,1
upright:885864:sale,upright,shopgoodwill,sale,2026-09-29,885864,rustymaple702,order,6100,0,paid_orders_09-29-2026_10-01-2026.xlsx,18,1499,300,1
upright:885894:sale,upright,shopgoodwill,sale,2026-09-29,885894,retrohound141,order,1100,0,paid_orders_09-29-2026_10-01-2026.xlsx,19,1099,300,1
upright:885931:sale,upright,shopgoodwill,sale,2026-09-29,885931,retrohound328,order,1800,0,paid_orders_09-29-2026_10-01-2026.xlsx,20,899,300,1
upright:885885:sale,upright,shopgoodwill,sale,2026-09-29,885885,swifthound754,order,2300,0,paid_orders_09-29-2026_10-01-2026.xlsx,21,1299,300,1
upright:885903:sale,upright,shopgoodwill,sale,2026-09-29,885903,happydeals149,order,600,0,paid_orders_09-29-2026_10-01-2026.xlsx,22,1299,300,1
upright:885851:sale,upright,shopgoodwill,sale,2026-09-29,885851,northowl598,order,1500,0,paid_orders_09-29-2026_10-01-2026.xlsx,23,899,300,1
upright:885838:sale,upright,shopgoodwill,sale,2026-09-29,885838,happymaple239,order,4400,0,paid_orders_09-29-2026_10-01-2026.xlsx,24,899,300,1
upright:885935:sale,upright,shopgoodwill,sale,2026-09-29,885935,northowl598,order,1600,0,paid_orders_09-29-2026_10-01-2026.xlsx,25,899,300,1
upright:885893:sale,upright,shopgoodwill,sale,2026-09-29,885893,quietfinds999,order,4200,0,paid_orders_09-29-2026_10-01-2026.xlsx,26,1499,300,1
upright:885900:sale,upright,shopgoodwill,sale,2026-09-29,885900,happyriver286,order,16600,0,paid_orders_09-29-2026_10-01-2026.xlsx,27,1299,300,1
upright:885860:sale,upright,shopgoodwill,sale,2026-09-29,885860,swiftdeals121,order,3600,0,paid_orders_09-29-2026_10-01-2026.xlsx,28,1099,300,1
upright:885927:sale,upright,shopgoodwill,sale,2026-09-29,885927,quiethound605,order,1300,0,paid_orders_09-29-2026_10-01-2026.xlsx,29,1499,300,1
upright:885922:sale,upright,shopgoodwill,sale,2026-09-29,885922,swifthound718,order,3300,0,paid_orders_09-29-2026_10-01-2026.xlsx,30,899,300,1
upright:885925:sale,upright,shopgoodwill,sale,2026-09-29,885925,bluefox377,order,2100,0,paid_orders_09-29-2026_10-01-2026.xlsx,31,899,300,1
upright:885898:sale,upright,shopgoodwill,sale,2026-09-29,885898,swiftfox259,order,1800,0,paid_orders_09-29-2026_10-01-2026.xlsx,32,1499,300,1
upright:885842:sale,upright,shopgoodwill,sale,2026-09-29,885842,luckybear997,order,3100,0,paid_orders_09-29-2026_10-01-2026.xlsx,33,1099,300,1
upright:885857:sale,upright,shopgoodwill,sale,2026-09-29,885857,bluehound290,order,4000,0,paid_orders_09-29-2026_10-01-2026.xlsx,34,899,300,1
upright:885847:sale,upright,shopgoodwill,sale,2026-09-29,885847,blueowl160,order,2900,0,paid_orders_09-29-2026_10-01-2026.xlsx,35,899,300,1
upright:885865:sale,upright,shopgoodwill,sale,2026-09-29,885865,quietfinds999,order,5500,0,paid_orders_09-29-2026_10-01-2026.xlsx,36,1099,300,1
upright:885914:sale,upright,shopgoodwill,sale,2026-09-29,885914,sunnyfox561,order,9500,0,paid_orders_09-29-2026_10-01-2026.xlsx,37,899,300,1
upright:885889:sale,upright,shopgoodwill,sale,2026-09-29,885889,swiftmaple809,order,5800,0,paid_orders_09-29-2026_10-01-2026.xlsx,38,1499,300,1
upright:885916:sale,upright,shopgoodwill,sale,2026-09-29,885916,goldenthrift506,order,16800,0,paid_orders_09-29-2026_10-01-2026.xlsx,39,1499,300,1
upright:885895:sale,upright,shopgoodwill,sale,2026-09-29,885895,sunnyfox556,order,2700,0,paid_orders_09-29-2026_10-01-2026.xlsx,40,1499,300,1
upright:885873:sale,upright,shopgoodwill,sale,2026-09-29,885873,goldenfox53,order,3600,0,paid_orders_09-29-2026_10-01-2026.xlsx,41,1499,300,1
upright:885962:sale,upright,shopgoodwill,sale,2026-09-30,885962,blueowl393,order,2200,0,paid_orders_09-29-2026_10-01-2026.xlsx,42,1099,300,1
upright:886025:sale,upright,shopgoodwill,sale,2026-09-30,886025,retropicker448,order,2300,0,paid_orders_09-29-2026_10-01-2026.xlsx,43,1499,300,1
upright:885979:sale,upright,shopgoodwill,sale,2026-09-30,885979,happyriver286,order,3900,0,paid_orders_09-29-2026_10-01-2026.xlsx,44,1499,300,1
upright:886034:sale,upright,shopgoodwill,sale,2026-09-30,886034,luckyhound716,order,4000,0,paid_orders_09-29-2026_10-01-2026.xlsx,45,899,300,1
upright:886001:sale,upright,shopgoodwill,sale,2026-09-30,886001,goldenowl823,order,600,0,paid_orders_09-29-2026_10-01-2026.xlsx,46,1299,300,1
upright:885951:sale,upright,shopgoodwill,sale,2026-09-30,885951,luckydeals227,order,6700,0,paid_orders_09-29-2026_10-01-2026.xlsx,47,1099,300,1
upright:885975:sale,upright,shopgoodwill,sale,2026-09-30,885975,quietbear763,order,2800,0,paid_orders_09-29-2026_10-01-2026.xlsx,48,1499,300,1
upright:885964:sale,upright,shopgoodwill,sale,2026-09-30,885964,swiftowl113,order,4700,0,paid_orders_09-29-2026_10-01-2026.xlsx,49,1099,300,1
upright:886005:sale,upright,shopgoodwill,sale,2026-09-30,886005,rustyowl451,order,7500,0,paid_orders_09-29-2026_10-01-2026.xlsx,50,1099,300,1
upright:885993:sale,upright,shopgoodwill,sale,2026-09-30,885993,swiftmaple809,order,10500,0,paid_orders_09-29-2026_10-01-2026.xlsx,51,1499,300,1
upright:886030:sale,upright,shopgoodwill,sale,2026-09-30,886030,swiftriver876,order,5800,0,paid_orders_09-29-2026_10-01-2026.xlsx,52,1499,300,1
upright:885941:sale,upright,shopgoodwill,sale,2026-09-30,885941,luckyhound127,order,1100,0,paid_orders_09-29-2026_10-01-2026.xlsx,53,1099,300,1
upright:886016:sale,upright,shopgoodwill,sale,2026-09-30,886016,sunnymaple931,order,1700,0,paid_orders_09-29-2026_10-01-2026.xlsx,54,1499,300,1
upright:885980:sale,upright,shopgoodwill,sale,2026-09-30,885980,sunnybear258,order,2200,0,paid_orders_09-29-2026_10-01-2026.xlsx,55,1499,300,1
upright:885948:sale,upright,shopgoodwill,sale,2026-09-30,885948,happyfox155,order,1700,0,paid_orders_09-29-2026_10-01-2026.xlsx,56,1499,300,1
upright:885978:sale,upright,shopgoodwill,sale,2026-09-30,885978,swiftowl113,order,3400,0,paid_orders_09-29-2026_10-01-2026.xlsx,57,1299,300,1
upright:886023:sale,upright,shopgoodwill,sale,2026-09-30,886023,sunnyfox757,order,1600,0,paid_orders_09-29-2026_10-01-2026.xlsx,58,1299,300,1
upright:885970:sale,upright,shopgoodwill,sale,2026-09-30,885970,goldenmaple919,order,2700,0,paid_orders_09-29-2026_10-01-2026.xlsx,59,1499,300,1
upright:886029:sale,upright,shopgoodwill,sale,2026-09-30,886029,retroowl57,order,1500,0,paid_orders_09-29-2026_10-01-2026.xlsx,60,1299,300,1
upright:885974:sale,upright,shopgoodwill,sale,2026-09-30,885974,luckyfinds131,order,1500,0,paid_orders_09-29-2026_10-01-2026.xlsx,61,1099,300,1
upright:885959:sale,upright,shopgoodwill,sale,2026-09-30,885959,luckypicker932,order,11100,0,paid_orders_09-29-2026_10-01-2026.xlsx,62,1299,300,1
upright:886024:sale,upright,shopgoodwill,sale,2026-09-30,886024,sunnydeals747,order,1400,0,paid_orders_09-29-2026_10-01-2026.xlsx,63,1499,300,1
upright:885976:sale,upright,shopgoodwill,sale,2026-09-30,885976,swiftmaple653,order,6600,0,paid_orders_09-29-2026_10-01-2026.xlsx,64,1099,300,1
upright:885997:sale,upright,shopgoodwill,sale,2026-09-30,885997,blueowl160,order,3400,0,paid_orders_09-29-2026_10-01-2026.xlsx,65,1499,300,1
upright:885989:sale,upright,shopgoodwill,sale,2026-09-30,885989,retrodeals952,order,1400,0,paid_orders_09-29-2026_10-01-2026.xlsx,66,1099,300,1
upright:885985:sale,upright,shopgoodwill,sale,2026-09-30,885985,swifthound432,order,2300,0,paid_orders_09-29-2026_10-01-2026.xlsx,67,1299,300,1
upright:885967:sale,upright,shopgoodwill,sale,2026-09-30,885967,goldenriver348,order,1100,0,paid_orders_09-29-2026_10-01-2026.xlsx,68,899,300,1
upright:885943:sale,upright,shopgoodwill,sale,2026-09-30,885943,northowl598,order,1000,0,paid_orders_09-29-2026_10-01-2026.xlsx,69,1099,300,1
upright:886012:sale,upright,shopgoodwill,sale,2026-09-30,886012,retrofinds732,order,2300,0,paid_orders_09-29-2026_10-01-2026.xlsx,70,899,300,1
upright:885984:sale,upright,shopgoodwill,sale,2026-09-30,885984,northowl598,order,4900,0,paid_orders_09-29-2026_10-01-2026.xlsx,71,1299,300,1
upright:885947:sale,upright,shopgoodwill,sale,2026-09-30,885947,swifthound432,order,1800,0,paid_orders_09-29-2026_10-01-2026.xlsx,72,1499,300,1
upright:885995:sale,upright,shopgoodwill,sale,2026-09-30,885995,northpicker68,order,1200,0,paid_orders_09-29-2026_10-01-2026.xlsx,73,1099,300,1
upright:886019:sale,upright,shopgoodwill,sale,2026-09-30,886019,blueowl393,order,2900,0,paid_orders_09-29-2026_10-01-2026.xlsx,74,1499,300,1
upright:886009:sale,upright,shopgoodwill,sale,2026-09-30,886009,goldenhound277,order,1600,0,paid_orders_09-29-2026_10-01-2026.xlsx,75,1099,300,1
upright:885950:sale,upright,shopgoodwill,sale,2026-09-30,885950,happymaple380,order,3200,0,paid_orders_09-29-2026_10-01-2026.xlsx,76,1299,300,1
upright:885973:sale,upright,shopgoodwill,sale,2026-09-30,885973,goldendeals798,order,1600,0,paid_orders_09-29-2026_10-01-2026.xlsx,77,1099,300,1
upright:885990:sale,upright,shopgoodwill,sale,2026-09-30,885990,happyhound211,order,7900,0,paid_orders_09-29-2026_10-01-2026.xlsx,78,1099,300,1
upright:885942:sale,upright,shopgoodwill,sale,2026-09-30,885942,goldenhound277,order,1900,0,paid_orders_09-29-2026_10-01-2026.xlsx,79,1299,300,1
upright:885954:sale,upright,shopgoodwill,sale,2026-09-30,885954,northowl354,order,3900,0,paid_orders_09-29-2026_10-01-2026.xlsx,80,1499,300,1
upright:886004:sale,upright,shopgoodwill,sale,2026-09-30,886004,northpicker68,order,700,0,paid_orders_09-29-2026_10-01-2026.xlsx,81,1099,300,1
upright:886008:sale,upright,shopgoodwill,sale,2026-09-30,886008,swiftfinds142,order,4800,0,paid_orders_09-29-2026_10-01-2026.xlsx,82,899,300,1
upright:885958:sale,upright,shopgoodwill,sale,2026-09-30,885958,northhound277,order,6100,0,paid_orders_09-29-2026_10-01-2026.xlsx,83,1499,300,1
upright:886101:sale,upright,shopgoodwill,sale,2026-10-01,886101,rustyhound434,order,3900,0,paid_orders_09-29-2026_10-01-2026.xlsx,84,1099,300,1
upright:886062:sale,upright,shopgoodwill,sale,2026-10-01,886062,sunnybear76,order,12400,0,paid_orders_09-29-2026_10-01-2026.xlsx,85,1099,300,1
upright:886057:sale,upright,shopgoodwill,sale,2026-10-01,886057,retroowl766,order,2100,0,paid_orders_09-29-2026_10-01-2026.xlsx,86,1499,300,1
upright:886091:sale,upright,shopgoodwill,sale,2026-10-01,886091,blueowl165,order,1700,0,paid_orders_09-29-2026_10-01-2026.xlsx,87,1499,300,1
upright:886110:sale,upright,shopgoodwill,sale,2026-10-01,886110,quietriver554,order,1200,0,paid_orders_09-29-2026_10-01-2026.xlsx,88,899,300,1
upright:886051:sale,upright,shopgoodwill,sale,2026-10-01,886051,happythrift947,order,2700,0,paid_orders_09-29-2026_10-01-2026.xlsx,89,1499,300,1
upright:886038:sale,upright,shopgoodwill,sale,2026-10-01,886038,quietbear230,order,3500,0,paid_orders_09-29-2026_10-01-2026.xlsx,90,1499,300,1
upright:886115:sale,upright,shopgoodwill,sale,2026-10-01,886115,luckypicker848,order,1100,0,paid_orders_09-29-2026_10-01-2026.xlsx,91,1299,300,1
upright:886044:sale,upright,shopgoodwill,sale,2026-10-01,886044,sunnybear76,order,1600,0,paid_orders_09-29-2026_10-01-2026.xlsx,92,899,300,1
upright:886046:sale,upright,shopgoodwill,sale,2026-10-01,886046,quietbear763,order,3600,0,paid_orders_09-29-2026_10-01-2026.xlsx,93,1099,300,1
upright:886099:sale,upright,shopgoodwill,sale,2026-10-01,886099,happymaple330,order,5300,0,paid_orders_09-29-2026_10-01-2026.xlsx,94,1099,300,1
upright:886124:sale,upright,shopgoodwill,sale,2026-10-01,886124,retropicker440,order,4800,0,paid_orders_09-29-2026_10-01-2026.xlsx,95,899,300,1
upright:886118:sale,upright,shopgoodwill,sale,2026-10-01,886118,sunnyhound619,order,7100,0,paid_orders_09-29-2026_10-01-2026.xlsx,96,1499,300,1
upright:886076:sale,upright,shopgoodwill,sale,2026-10-01,886076,rustybear940,order,1000,0,paid_orders_09-29-2026_10-01-2026.xlsx,97,899,300,1
upright:886087:sale,upright,shopgoodwill,sale,2026-10-01,886087,luckyriver667,order,11300,0,paid_orders_09-29-2026_10-01-2026.xlsx,98,1099,300,1
upright:886120:sale,upright,shopgoodwill,sale,2026-10-01,886120,swifthound540,order,1800,0,paid_orders_09-29-2026_10-01-2026.xlsx,99,1099,300,1
upright:886073:sale,upright,shopgoodwill,sale,2026-10-01,886073,bluethrift664,order,3500,0,paid_orders_09-29-2026_10-01-2026.xlsx,100,1499,300,1
upright:886094:sale,upright,shopgoodwill,sale,2026-10-01,886094,bluehound115,order,10400,0,paid_orders_09-29-2026_10-01-2026.xlsx,101,1499,300,1
upright:886123:sale,upright,shopgoodwill,sale,2026-10-01,886123,quietpicker531,order,4300,0,paid_orders_09-29-2026_10-01-2026.xlsx,102,1099,300,1
upright:886042:sale,upright,shopgoodwill,sale,2026-10-01,886042,sunnyowl410,order,3800,0,paid_orders_09-29-2026_10-01-2026.xlsx,103,1299,300,1
upright:886081:sale,upright,shopgoodwill,sale,2026-10-01,886081,sunnyfinds665,order,1100,0,paid_orders_09-29-2026_10-01-2026.xlsx,104,1299,300,1
upright:886061:sale,upright,shopgoodwill,sale,2026-10-01,886061,happyowl916,order,3200,0,paid_orders_09-29-2026_10-01-2026.xlsx,105,1499,300,1
upright:886069:sale,upright,shopgoodwill,sale,2026-10-01,886069,northowl268,order,900,0,paid_orders_09-29-2026_10-01-2026.xlsx,106,1299,300,1
upright:886078:sale,upright,shopgoodwill,sale,2026-10-01,886078,goldenbear306,order,900,0,paid_orders_09-29-2026_10-01-2026.xlsx,107,1499,300,1
upright:886068:sale,upright,shopgoodwill,sale,2026-10-01,886068,rustybear960,order,4000,0,paid_orders_09-29-2026_10-01-2026.xlsx,108,1299,300,1
upright:886053:sale,upright,shopgoodwill,sale,2026-10-01,886053,quietriver270,order,1900,0,paid_orders_09-29-2026_10-01-2026.xlsx,109,899,300,1
upright:886095:sale,upright,shopgoodwill,sale,2026-10-01,886095,sunnyfinds591,order,600,0,paid_orders_09-29-2026_10-01-2026.xlsx,110,1499,300,1
upright:886103:sale,upright,shopgoodwill,sale,2026-10-01,886103,northhound287,order,5500,0,paid_orders_09-29-2026_10-01-2026.xlsx,111,1299,300,1
upright:886083:sale,upright,shopgoodwill,sale,2026-10-01,886083,goldenmaple919,order,3200,0,paid_orders_09-29-2026_10-01-2026.xlsx,112,1499,300,1
upright:886106:sale,upright,shopgoodwill,sale,2026-10-01,886106,quietpicker531,order,700,0,paid_orders_09-29-2026_10-01-2026.xlsx,113,899,300,1
upright:886114:sale,upright,shopgoodwill,sale,2026-10-01,886114,swiftfox947,order,3200,0,paid_orders_09-29-2026_10-01-2026.xlsx,114,1299,300,1
upright:886066:sale,upright,shopgoodwill,sale,2026-10-01,886066,goldenriver513,order,1800,0,paid_orders_09-29-2026_10-01-2026.xlsx,115,899,300,1
upright:886049:sale,upright,shopgoodwill,sale,2026-10-01,886049,retropicker448,order,4800,0,paid_orders_09-29-2026_10-01-2026.xlsx,116,899,300,1
upright:886045:sale,upright,shopgoodwill,sale,2026-10-01,886045,luckypicker932,order,3500,0,paid_orders_09-29-2026_10-01-2026.xlsx,117,1499,300,1
upright:886048:sale,upright,shopgoodwill,sale,2026-10-01,886048,bluefox645,order,2700,0,paid_orders_09-29-2026_10-01-2026.xlsx,118,1299,300,1
upright:886181:sale,upright,shopgoodwill,sale,2026-10-02,886181,retroowl844,order,3900,0,paid_orders_09-29-2026_10-01-2026.xlsx,119,1099,300,1
